Series Name,Series Code,Country Name,Country Code,1990 [YR1990],2000 [YR2000],2011 [YR2011],2012 [YR2012],2013 [YR2013],2014 [YR2014],2015 [YR2015],2016 [YR2016],2017 [YR2017],2018 [YR2018],2019 [YR2019],2020 [YR2020]
GDP (current US$),NY.GDP.MKTP.CD,Afghanistan,AFG,..,..,17804292964,20001598506,20561069558,20484885120,19907111419,18017749074,18869945678,18353881130,19291104008,..
GDP (current US$),NY.GDP.MKTP.CD,Albania,ALB,2028553750,3480355189,12890765324,12319830252,12776217195,13228144008,11386846319,11861200797,13019693451,15147020535,15279183290,..
GDP (current US$),NY.GDP.MKTP.CD,Algeria,DZA,62045099643,54790233856,2.00E+11,2.09E+11,2.10E+11,2.14E+11,1.66E+11,1.60E+11,1.70E+11,1.75E+11,1.71E+11,..
GDP (current US$),NY.GDP.MKTP.CD,American Samoa,ASM,..,..,574000000,644000000,641000000,642000000,661000000,652000000,602000000,636000000,..,..
GDP (current US$),NY.GDP.MKTP.CD,Andorra,AND,1029048482,1429049198,3629203786,3188808943,3193704343,3271808157,2789870188,2896679212,3000180750,3218316013,3154057987,..
GDP (current US$),NY.GDP.MKTP.CD,Angola,AGO,11228764963,9129594819,1.12E+11,1.28E+11,1.37E+11,1.46E+11,1.16E+11,1.01E+11,1.22E+11,1.01E+11,88815697793,..
GDP (current US$),NY.GDP.MKTP.CD,Antigua and Barbuda,ATG,459470370.4,826370370.4,1137637037,1199948148,1181448148,1249733333,1336692593,1436585185,1467977778,1605351852,1661962963,..
GDP (current US$),NY.GDP.MKTP.CD,Argentina,ARG,1.41E+11,2.84E+11,5.30E+11,5.46E+11,5.52E+11,5.26E+11,5.95E+11,5.58E+11,6.44E+11,5.18E+11,4.45E+11,..
GDP (current US$),NY.GDP.MKTP.CD,Armenia,ARM,2256838858,1911563665,10142111334,10619320049,11121465767,11609512940,10553337673,10546135160,11527458566,12457941907,13672802158,..
GDP (current US$),NY.GDP.MKTP.CD,Aruba,ABW,764887117.2,1873452514,2549720670,2534636872,2701675978,2765363128,2919553073,2965921788,3056424581,..,..,..
GDP (current US$),NY.GDP.MKTP.CD,Australia,AUS,3.11E+11,4.15E+11,1.40E+12,1.55E+12,1.58E+12,1.47E+12,1.35E+12,1.21E+12,1.33E+12,1.43E+12,1.40E+12,..
GDP (current US$),NY.GDP.MKTP.CD,Austria,AUT,1.66E+11,1.97E+11,4.31E+11,4.09E+11,4.30E+11,4.42E+11,3.82E+11,3.96E+11,4.17E+11,4.55E+11,4.45E+11,..
GDP (current US$),NY.GDP.MKTP.CD,Azerbaijan,AZE,8858006036,5272617196,65951627200,69683935845,74164435946,75244294275,53074370486,37867518957,40865558912,47112941176,48047647059,..
GDP (current US$),NY.GDP.MKTP.CD,"Bahamas, The",BHS,3166000000,8076470000,10070450000,10720500000,10568400000,11111600000,11710800000,11928500000,12490700000,13022100000,13578800000,..
GDP (current US$),NY.GDP.MKTP.CD,Bahrain,BHR,4229787234,9062898936,28776595745,30749308511,32539468085,33387712766,31050638298,32234973404,35473776596,37652500000,38574069149,..
GDP (current US$),NY.GDP.MKTP.CD,Bangladesh,BGD,31598341234,53369787319,1.29E+11,1.33E+11,1.50E+11,1.73E+11,1.95E+11,2.21E+11,2.50E+11,2.74E+11,3.03E+11,..
GDP (current US$),NY.GDP.MKTP.CD,Barbados,BRB,2012131457,3059500000,4657500000,4610000000,4677000000,4696500000,4715000000,4830000000,4978000000,5086500000,5209000000,..
GDP (current US$),NY.GDP.MKTP.CD,Belarus,BLR,21650000000,12736856828,61757788945,65685102555,75527984234,78813839984,56454734397,47722657821,54726595249,60031262269,63080457023,..
GDP (current US$),NY.GDP.MKTP.CD,Belgium,BEL,2.05E+11,2.36E+11,5.23E+11,4.96E+11,5.22E+11,5.35E+11,4.62E+11,4.76E+11,5.03E+11,5.44E+11,5.33E+11,..
GDP (current US$),NY.GDP.MKTP.CD,Belize,BLZ,412086445.5,832050000,1460800000,1522900000,1579400000,1662800000,1723800000,1775100000,1836600000,1871200000,1879613600,..
GDP (current US$),NY.GDP.MKTP.CD,Benin,BEN,1959965244,3511248900,10693321954,11141358945,12517845732,13284528654,11388160958,11821066153,12701656931,14250985959,14390709095,..
GDP (current US$),NY.GDP.MKTP.CD,Bermuda,BMU,1592400000,3480219000,6312691000,6378188000,6465756000,6413988000,6654541000,6899911000,7142316000,7224329000,7484113000,..
GDP (current US$),NY.GDP.MKTP.CD,Bhutan,BTN,299787275.8,424464089.9,1777101317,1781281282,1756215665,1907090813,2003598213,2158972129,2450364928,2446866405,2530547158,..
GDP (current US$),NY.GDP.MKTP.CD,Bolivia,BOL,4867582620,8397912509,23963033431,27084497483,30659338880,32996188013,33000198248,33941126200,37508642165,40287647930,40895322844,..
GDP (current US$),NY.GDP.MKTP.CD,Bosnia and Herzegovina,BIH,..,5505887894,18644723861,17226849297,18178503835,18558343508,16211541820,16913330694,18080118128,20183510561,20164193807,..
GDP (current US$),NY.GDP.MKTP.CD,Botswana,BWA,3790567052,5788329609,15351972361,14380004175,14901750991,16250781587,14420593484,15646354089,17405588070,18663265549,18340480936,..
GDP (current US$),NY.GDP.MKTP.CD,Brazil,BRA,4.62E+11,6.55E+11,2.62E+12,2.47E+12,2.47E+12,2.46E+12,1.80E+12,1.80E+12,2.06E+12,1.89E+12,1.84E+12,..
GDP (current US$),NY.GDP.MKTP.CD,British Virgin Islands,VGB,..,..,..,..,..,..,..,..,..,..,..,..
GDP (current US$),NY.GDP.MKTP.CD,Brunei Darussalam,BRN,3520551724,6001153306,18525319978,19047940301,18093829923,17098342541,12930394938,11400854268,12128104859,13567351175,13469422959,..
GDP (current US$),NY.GDP.MKTP.CD,Bulgaria,BGR,20632090909,13245833844,57386216850,54033250329,55615397666,56901994980,50647442757,53806894796,58971520599,66230155100,68558815112,..
GDP (current US$),NY.GDP.MKTP.CD,Burkina Faso,BFA,3101301781,2956746304,12080296644,12561016091,13444301139,13943016924,11832159276,12833363370,14106956830,16059910871,15990803570,..
GDP (current US$),NY.GDP.MKTP.CD,Burundi,BDI,1132101253,870486065.9,2235820868,2333308099,2451625333,2705783272,3104394858,2959640987,3172292379,3036931818,3012334882,..
GDP (current US$),NY.GDP.MKTP.CD,Cabo Verde,CPV,306891107.3,539227277.6,1865915544,1741809809,1850470042,1859898513,1596800287,1662998678,1769787215,1966983317,1981845740,..
GDP (current US$),NY.GDP.MKTP.CD,Cambodia,KHM,..,3677897739,12829541141,14054443213,15227991395,16702610842,18049954289,20016747754,22177200512,24571753583,27089389787,..
GDP (current US$),NY.GDP.MKTP.CD,Cameroon,CMR,11151578051,10083937740,29375448542,29102772799,32357345501,34989493826,30928653814,32643697596,35009262788,38694156863,39007354359,..
GDP (current US$),NY.GDP.MKTP.CD,Canada,CAN,5.94E+11,7.42E+11,1.79E+12,1.83E+12,1.85E+12,1.80E+12,1.56E+12,1.53E+12,1.65E+12,1.72E+12,1.74E+12,..
GDP (current US$),NY.GDP.MKTP.CD,Cayman Islands,CYM,..,..,4186223865,4291158968,4405954696,4563017852,4708336756,4909498943,5153091158,5517361238,..,..
GDP (current US$),NY.GDP.MKTP.CD,Central African Republic,CAF,1440711396,914500299.1,2437982840,2510126699,1691544192,1894813505,1695825708,1825018191,2072350151,2220978978,2220307369,..
GDP (current US$),NY.GDP.MKTP.CD,Chad,TCD,1738605558,1385058162,12172309523,12367363678,12953535496,13940768066,10950392220,10097778354,10000395242,11239167048,11314951343,..
GDP (current US$),NY.GDP.MKTP.CD,Channel Islands,CHI,..,6439703435,..,..,..,..,..,..,..,..,..,..
GDP (current US$),NY.GDP.MKTP.CD,Chile,CHL,33113887818,77860932152,2.52E+11,2.67E+11,2.78E+11,2.61E+11,2.44E+11,2.50E+11,2.77E+11,2.98E+11,2.82E+11,..
GDP (current US$),NY.GDP.MKTP.CD,China,CHN,3.61E+11,1.21E+12,7.55E+12,8.53E+12,9.57E+12,1.05E+13,1.11E+13,1.12E+13,1.23E+13,1.39E+13,1.43E+13,..
GDP (current US$),NY.GDP.MKTP.CD,Colombia,COL,47844090710,99886577331,3.35E+11,3.71E+11,3.82E+11,3.81E+11,2.93E+11,2.83E+11,3.12E+11,3.34E+11,3.24E+11,..
GDP (current US$),NY.GDP.MKTP.CD,Comoros,COM,429622147.7,350264287.7,1023086184,1015843369,1116224161,1149587652,966029542,1012835518,1077439663,1178530758,1165839927,..
GDP (current US$),NY.GDP.MKTP.CD,"Congo, Dem. Rep.",COD,9349764580,19088046306,25839749199,29306235826,32679745298,35909040266,37917704900,37134799975,38019265626,46831342213,50400746171,..
GDP (current US$),NY.GDP.MKTP.CD,"Congo, Rep.",COG,2798746051,3219910550,15655384440,17692912613,17958721572,17783526318,11953249530,10335424288,11198674674,13518403447,12267392147,..
GDP (current US$),NY.GDP.MKTP.CD,Costa Rica,CRI,5711687787,14949514493,42262697840,46473128286,49745088112,50577769838,54775994479,57157992434,58481858043,60553901420,61801385049,..
GDP (current US$),NY.GDP.MKTP.CD,Cote d'Ivoire,CIV,10795850107,10717022463,25414875503,26789047555,31273074528,35363533866,45814637971,47964234560,51588158718,58011466451,58539424930,..
GDP (current US$),NY.GDP.MKTP.CD,Croatia,HRV,..,21633671681,62537851352,56580819624,58194069434,57639588806,49525747504,51601147666,55481644098,61375222347,60752588976,..
GDP (current US$),NY.GDP.MKTP.CD,Cuba,CUB,28645436569,30565400000,68990000000,73141000000,77148000000,80656000000,87133000000,91370000000,96851000000,1.00E+11,..,..
GDP (current US$),NY.GDP.MKTP.CD,Curacao,CUW,..,..,3038699609,3131096089,3147616201,3158406034,3151910782,3122287933,3116610112,3127908045,3101787709,..
GDP (current US$),NY.GDP.MKTP.CD,Cyprus,CYP,5591130218,9985844486,27565469098,24978513427,23900872626,23156850007,19842404305,20953442550,22729184365,25309818139,24948935408,..
GDP (current US$),NY.GDP.MKTP.CD,Czech Republic,CZE,40728950705,61828166496,2.30E+11,2.09E+11,2.12E+11,2.09E+11,1.88E+11,1.96E+11,2.19E+11,2.49E+11,2.51E+11,..
GDP (current US$),NY.GDP.MKTP.CD,Denmark,DNK,1.38E+11,1.64E+11,3.44E+11,3.27E+11,3.44E+11,3.53E+11,3.03E+11,3.13E+11,3.32E+11,3.57E+11,3.50E+11,..
GDP (current US$),NY.GDP.MKTP.CD,Djibouti,DJI,452328087.3,551230861.9,1239144502,1353632942,2042817163,2214681574,2430287967,2603554907,2751461056,3012820410,3324634256,..
GDP (current US$),NY.GDP.MKTP.CD,Dominica,DMA,201428730,333468888.9,501025925.9,485996296.3,498296296.3,520207407.4,540737037,576229629.6,519837037,551074074.1,582403703.7,..
GDP (current US$),NY.GDP.MKTP.CD,Dominican Republic,DOM,7073675545,24305116729,58029750744,60681537195,62682163838,67179914026,71164825258,75704720190,79997975623,85555378044,88941299734,..
GDP (current US$),NY.GDP.MKTP.CD,Ecuador,ECU,15239278100,18327764882,79276664000,87924544000,95129659000,1.02E+11,99290381000,99937696000,1.04E+11,1.08E+11,1.07E+11,..
GDP (current US$),NY.GDP.MKTP.CD,"Egypt, Arab Rep.",EGY,42978914311,99838543960,2.36E+11,2.79E+11,2.88E+11,3.06E+11,3.29E+11,3.32E+11,2.36E+11,2.50E+11,3.03E+11,..
GDP (current US$),NY.GDP.MKTP.CD,El Salvador,SLV,4817542204,11784927700,20283790000,21386140000,21990970000,22593480000,23438240000,24191440000,24979200000,26117400000,27022640000,..
GDP (current US$),NY.GDP.MKTP.CD,Equatorial Guinea,GNQ,112119406.5,1045998496,21357344847,22388345810,21948835350,21765454404,13185496836,11240809132,12200914930,13278488567,11026774945,..
GDP (current US$),NY.GDP.MKTP.CD,Eritrea,ERI,..,706370815.6,2065001626,..,..,..,..,..,..,..,..,..
GDP (current US$),NY.GDP.MKTP.CD,Estonia,EST,..,5694069842,23391530006,23192708982,25271406708,26773473625,23048864243,24259552889,26951648829,30631142227,31471100656,..
GDP (current US$),NY.GDP.MKTP.CD,Eswatini,SWZ,1114703088,1738100853,4820499497,4886658806,4597702903,4422304975,4062660890,3816018485,4402973000,4665424249,4471598727,..
GDP (current US$),NY.GDP.MKTP.CD,Ethiopia,ETH,12175166763,8242392104,31952763089,43310721414,47648211133,55612228234,64589334979,74296618481,81770791971,84269348327,95912590628,..
GDP (current US$),NY.GDP.MKTP.CD,Faroe Islands,FRO,..,1058702725,2490807831,2366301252,2627049837,2850743875,2518096286,2738832687,2905102304,3116887847,..,..
GDP (current US$),NY.GDP.MKTP.CD,Fiji,FJI,1337024782,1684109743,3774530616,3972012571,4190143206,4856963252,4682546881,4930204220,5353404419,5581393121,5496250694,..
GDP (current US$),NY.GDP.MKTP.CD,Finland,FIN,1.41E+11,1.26E+11,2.75E+11,2.58E+11,2.71E+11,2.74E+11,2.34E+11,2.41E+11,2.55E+11,2.76E+11,2.69E+11,..
GDP (current US$),NY.GDP.MKTP.CD,France,FRA,1.27E+12,1.36E+12,2.86E+12,2.68E+12,2.81E+12,2.85E+12,2.44E+12,2.47E+12,2.60E+12,2.79E+12,2.72E+12,..
GDP (current US$),NY.GDP.MKTP.CD,French Polynesia,PYF,3181206305,3447543138,..,..,..,..,..,..,..,..,..,..
GDP (current US$),NY.GDP.MKTP.CD,Gabon,GAB,5952293766,5067865321,18210308748,17170465294,17595745653,18203968002,14383107714,14023890620,14929488771,16862282414,16874450215,..
GDP (current US$),NY.GDP.MKTP.CD,"Gambia, The",GMB,317083373.5,782915402.4,1409694554,1415006238,1375608956,1229460602,1378176868,1484579844,1504909753,1670670669,1826073740,..
GDP (current US$),NY.GDP.MKTP.CD,Georgia,GEO,7753501868,3057475289,15107441447,16488403076,17189551521,17627003455,14953950557,15141758567,16242916916,17599700091,17477255546,..
GDP (current US$),NY.GDP.MKTP.CD,Germany,DEU,1.77E+12,1.94E+12,3.74E+12,3.53E+12,3.73E+12,3.88E+12,3.36E+12,3.47E+12,3.68E+12,3.96E+12,3.86E+12,..
GDP (current US$),NY.GDP.MKTP.CD,Ghana,GHA,5889174825,4983024408,39337314810,41270954737,62405374786,53660342160,48564863888,55009730600,58998132330,65556464048,66983634224,..
GDP (current US$),NY.GDP.MKTP.CD,Gibraltar,GIB,..,..,..,..,..,..,..,..,..,..,..,..
GDP (current US$),NY.GDP.MKTP.CD,Greece,GRC,97891092003,1.30E+11,2.88E+11,2.46E+11,2.40E+11,2.37E+11,1.97E+11,1.95E+11,2.04E+11,2.18E+11,2.10E+11,..
GDP (current US$),NY.GDP.MKTP.CD,Greenland,GRL,1018970365,1068030830,2684467376,2609667674,2684952727,2842048998,2499115623,2707146783,2826651926,3051626390,..,..
GDP (current US$),NY.GDP.MKTP.CD,Grenada,GRD,278098763,520044370.4,778655925.9,799882259.3,842620111.1,911497407.4,997007925.9,1061631222,1125685185,1168696296,1210603704,..
GDP (current US$),NY.GDP.MKTP.CD,Guam,GUM,..,..,4928000000,5199000000,5336000000,5538000000,5710000000,5795000000,5851000000,5920000000,..,..
GDP (current US$),NY.GDP.MKTP.CD,Guatemala,GTM,7650125217,19288827159,47654783852,50388460925,52996540576,57852399705,62186186576,66053725049,71612352645,73118147941,76710355347,..
GDP (current US$),NY.GDP.MKTP.CD,Guinea,GIN,2666616177,2995360969,6785137173,7638045254,8376613843,8778473615,8794202444,8595955581,10324668267,10907214994,12296665331,..
GDP (current US$),NY.GDP.MKTP.CD,Guinea-Bissau,GNB,243961995.5,370173838.7,1099818652,989271229.6,1046087418,1054915645,1048229629,1179004941,1350177128,1458868242,1339449165,..
GDP (current US$),NY.GDP.MKTP.CD,Guyana,GUY,396582263.3,712667896.7,3691384743,4063090016,4167801803,4127664336,4279840362,4482697337,4748174334,4787635821,5173759528,..
GDP (current US$),NY.GDP.MKTP.CD,Haiti,HTI,3096289800,6868666120,13008748132,13708931890,14498080023,14790765760,14857386164,13723267961,14213814583,15965670198,14332163266,..
GDP (current US$),NY.GDP.MKTP.CD,Honduras,HND,4923009552,7103507989,17710315006,18528601901,18499710128,19756494435,20979767785,21717622071,23136232230,24024189736,25095395475,..
GDP (current US$),NY.GDP.MKTP.CD,"Hong Kong SAR, China",HKG,76928290842,1.72E+11,2.49E+11,2.63E+11,2.76E+11,2.91E+11,3.09E+11,3.21E+11,3.41E+11,3.62E+11,3.66E+11,..
GDP (current US$),NY.GDP.MKTP.CD,Hungary,HUN,..,47218405892,1.42E+11,1.28E+11,1.35E+11,1.41E+11,1.25E+11,1.28E+11,1.43E+11,1.60E+11,1.63E+11,..
GDP (current US$),NY.GDP.MKTP.CD,Iceland,ISL,6478459744,9003639603,15158548263,14724078148,16033517403,17758050016,17389101639,20618363252,24488176541,25737594324,24188038474,..
GDP (current US$),NY.GDP.MKTP.CD,India,IND,3.21E+11,4.68E+11,1.82E+12,1.83E+12,1.86E+12,2.04E+12,2.10E+12,2.29E+12,2.65E+12,2.71E+12,2.87E+12,..
GDP (current US$),NY.GDP.MKTP.CD,Indonesia,IDN,1.06E+11,1.65E+11,8.93E+11,9.18E+11,9.13E+11,8.91E+11,8.61E+11,9.32E+11,1.02E+12,1.04E+12,1.12E+12,..
GDP (current US$),NY.GDP.MKTP.CD,"Iran, Islamic Rep.",IRN,1.25E+11,1.10E+11,5.81E+11,5.99E+11,4.60E+11,4.33E+11,3.85E+11,4.18E+11,4.45E+11,4.54E+11,..,..
GDP (current US$),NY.GDP.MKTP.CD,Iraq,IRQ,1.80E+11,..,1.85E+11,2.18E+11,2.35E+11,2.35E+11,1.77E+11,1.75E+11,1.95E+11,2.24E+11,2.34E+11,..
GDP (current US$),NY.GDP.MKTP.CD,Ireland,IRL,49364680214,99852958356,2.37E+11,2.25E+11,2.39E+11,2.58E+11,2.92E+11,3.01E+11,3.36E+11,3.83E+11,3.89E+11,..
GDP (current US$),NY.GDP.MKTP.CD,Isle of Man,IMN,..,1563667800,6566098382,6690725118,7000748788,7708834951,7085288006,6846691871,6979581725,7491969313,..,..
GDP (current US$),NY.GDP.MKTP.CD,Israel,ISR,59217144629,1.32E+11,2.61E+11,2.57E+11,2.93E+11,3.10E+11,3.00E+11,3.19E+11,3.53E+11,3.71E+11,3.95E+11,..
GDP (current US$),NY.GDP.MKTP.CD,Italy,ITA,1.18E+12,1.14E+12,2.29E+12,2.09E+12,2.14E+12,2.16E+12,1.84E+12,1.88E+12,1.96E+12,2.09E+12,2.00E+12,..
GDP (current US$),NY.GDP.MKTP.CD,Jamaica,JAM,4592224067,8985352832,14444655300,14807086889,14262589158,13897804560,14187696311,14075894320,14806340821,15713908816,16458071068,..
GDP (current US$),NY.GDP.MKTP.CD,Japan,JPN,3.13E+12,4.89E+12,6.16E+12,6.20E+12,5.16E+12,4.85E+12,4.39E+12,4.92E+12,4.87E+12,4.95E+12,5.08E+12,..
GDP (current US$),NY.GDP.MKTP.CD,Jordan,JOR,4160003917,8460424401,29524149165,31634561670,34454440181,36847643587,38587017944,39892551149,41408960787,42932112676,44502895862,..
GDP (current US$),NY.GDP.MKTP.CD,Kazakhstan,KAZ,26932728899,18291990619,1.93E+11,2.08E+11,2.37E+11,2.21E+11,1.84E+11,1.37E+11,1.67E+11,1.79E+11,1.82E+11,..
GDP (current US$),NY.GDP.MKTP.CD,Kenya,KEN,8572359163,12705357103,41953433591,50412754861,55096728048,61448046802,64007750169,69188755364,78965004656,87778582964,95503088538,..
GDP (current US$),NY.GDP.MKTP.CD,Kiribati,KIR,39809538.68,67254174.4,181705002.6,190243321.6,185113921.6,179703443.3,171117872.4,178328873,187276210.9,196737896,194647201.9,..
GDP (current US$),NY.GDP.MKTP.CD,"Korea, Dem. People¡¯s Rep.",PRK,..,..,..,..,..,..,..,..,..,..,..,..
GDP (current US$),NY.GDP.MKTP.CD,"Korea, Rep.",KOR,2.83E+11,5.76E+11,1.25E+12,1.28E+12,1.37E+12,1.48E+12,1.47E+12,1.50E+12,1.62E+12,1.72E+12,1.65E+12,..
GDP (current US$),NY.GDP.MKTP.CD,Kosovo,XKX,..,1849196082,6701698218,6499807272,7074777527,7396705195,6442915788,6719172017,7245707185,7942961738,7926133714,..
GDP (current US$),NY.GDP.MKTP.CD,Kuwait,KWT,18427777778,37712842243,1.54E+11,1.74E+11,1.74E+11,1.63E+11,1.15E+11,1.09E+11,1.21E+11,1.41E+11,1.35E+11,..
GDP (current US$),NY.GDP.MKTP.CD,Kyrgyz Republic,KGZ,2675000000,1369688498,6197766119,6605139933,7335027592,7468096567,6678178340,6813092066,7702934800,8271108638,8454619608,..
GDP (current US$),NY.GDP.MKTP.CD,Lao PDR,LAO,865559856.2,1731198022,8749241114,10191350120,11942230508,13268458232,14390442307,15805692546,16853087485,17953786416,18173839147,..
GDP (current US$),NY.GDP.MKTP.CD,Latvia,LVA,..,7949253766,28619991392,28330632929,30432796306,31329367173,27239653844,28052325862,30458763246,34416012859,34102913582,..
GDP (current US$),NY.GDP.MKTP.CD,Lebanon,LBN,2838485354,17260364842,39927125961,44035991746,46909335135,48134486625,49939374833,51205122504,53140638269,54961275742,51991634492,..
GDP (current US$),NY.GDP.MKTP.CD,Lesotho,LSO,596415104.5,887295267.9,2622336148,2526185314,2421470018,2499803984,2372280103,2165408359,2405289384,2575892262,2376328637,..
GDP (current US$),NY.GDP.MKTP.CD,Liberia,LBR,..,874000000,2398000000,2721000000,3067000000,3144000000,3177000000,3277826000,3285455000,3264000000,3070518100,..
GDP (current US$),NY.GDP.MKTP.CD,Libya,LBY,28901836158,38270206950,34699395524,81873662519,65502870174,41142722414,27842131480,26197143268,37883243650,52607888718,52091152228,..
GDP (current US$),NY.GDP.MKTP.CD,Liechtenstein,LIE,1421466240,2483953103,5739977477,5456009385,6391735894,6657170923,6268391521,6237264055,6552858739,6876981286,..,..
GDP (current US$),NY.GDP.MKTP.CD,Lithuania,LTU,..,11524776867,43582248870,42943442158,46514471182,48574531942,41418872976,43018087238,47758736932,53722883091,54627411860,..
GDP (current US$),NY.GDP.MKTP.CD,Luxembourg,LUX,13229247948,21263514833,60004630234,56677961787,61739352212,66103853237,57744457955,60691483443,64181944723,70919958016,71104919108,..
GDP (current US$),NY.GDP.MKTP.CD,"Macao SAR, China",MAC,3220920085,6720492406,36709860068,43031577366,51552075902,55347998648,45361678147,45387299721,50751059058,55084050790,53859116536,..
GDP (current US$),NY.GDP.MKTP.CD,Madagascar,MDG,3931334871,4629247091,11551821062,11578978053,12423557907,12522959157,11323023787,11848615018,13176313233,13853433948,14114631281,..
GDP (current US$),NY.GDP.MKTP.CD,Malawi,MWI,1880771556,1743506531,8004000737,6028487929,5518880769,6047813437,6373212641,5433040160,6303292264,6917301909,7666704427,..
GDP (current US$),NY.GDP.MKTP.CD,Malaysia,MYS,44024178343,93789736842,2.98E+11,3.14E+11,3.23E+11,3.38E+11,3.01E+11,3.01E+11,3.19E+11,3.59E+11,3.65E+11,..
GDP (current US$),NY.GDP.MKTP.CD,Maldives,MDV,215089005.2,624337145.3,2774351760,2886170572,3295011382,3697351594,4109447297,4379115588,4754352301,5299773145,5642179170,..
GDP (current US$),NY.GDP.MKTP.CD,Mali,MLI,2681912030,2954129566,12995074801,12441946098,13242680705,14364859446,13104802016,14025944550,15365627045,17070758732,17279566719,..
GDP (current US$),NY.GDP.MKTP.CD,Malta,MLT,2547163582,4069515557,9638916472,9462238257,10551661220,11626281450,11091434435,11665231192,13146963159,14750790658,14989415684,..
GDP (current US$),NY.GDP.MKTP.CD,Marshall Islands,MHL,78476000,115347500,174332100,182874800,187707400,184689500,184599600,200558400,212881000,221278000,..,..
GDP (current US$),NY.GDP.MKTP.CD,Mauritania,MRT,1506914408,1779521110,6764635687,6728208836,7223063170,6592537782,6166857629,6398744505,6758390729,7049169771,7600656944,..
GDP (current US$),NY.GDP.MKTP.CD,Mauritius,MUS,2653480001,4663313620,11518393367,11668685524,12129642296,12803445934,11692287066,12232463656,13259351418,14181951059,14048430519,..
GDP (current US$),NY.GDP.MKTP.CD,Mexico,MEX,2.61E+11,7.08E+11,1.18E+12,1.20E+12,1.27E+12,1.32E+12,1.17E+12,1.08E+12,1.16E+12,1.22E+12,1.27E+12,..
GDP (current US$),NY.GDP.MKTP.CD,"Micronesia, Fed. Sts.",FSM,147200000,233271800,311301600,327248700,317214400,319271200,316489900,332265200,366666800,401932300,..,..
GDP (current US$),NY.GDP.MKTP.CD,Moldova,MDA,..,1288429392,8414360656,8709165249,9496684701,9510219299,7745231660,8071480541,9669759987,11456717193,11968713370,..
GDP (current US$),NY.GDP.MKTP.CD,Monaco,MCO,2481316054,2647883816,6088808463,5743029680,6555983530,7069616049,6261622101,6472990923,6431314957,7188238073,..,..
GDP (current US$),NY.GDP.MKTP.CD,Mongolia,MNG,2560785660,1136896124,10409797649,12292770631,12582122604,12226514722,11749620620,11186734674,11425755280,13108769496,13996719329,..
GDP (current US$),NY.GDP.MKTP.CD,Montenegro,MNE,..,984297589.4,4544575152,4087561650,4464502434,4587741791,4053097851,4373958354,4844606146,5504255214,5542577965,..
GDP (current US$),NY.GDP.MKTP.CD,Morocco,MAR,30180108562,38857251336,1.01E+11,98266306615,1.07E+11,1.10E+11,1.01E+11,1.03E+11,1.10E+11,1.18E+11,1.20E+11,..
GDP (current US$),NY.GDP.MKTP.CD,Mozambique,MOZ,..,5656473652,14381552433,16350804543,16974320551,17716084108,15950969019,11936999283,13219084261,14845870051,15291448212,..
GDP (current US$),NY.GDP.MKTP.CD,Myanmar,MMR,..,8905066164,59977326086,59937797559,60269734045,65446199788,67822772707,67184236747,68945867478,76168043982,76085852617,..
GDP (current US$),NY.GDP.MKTP.CD,Namibia,NAM,2785764518,3833993703,12343501808,13041886316,12011207741,12356482989,11272143473,10665634688,12741746524,13454211344,12366528259,..
GDP (current US$),NY.GDP.MKTP.CD,Nauru,NRU,..,..,66055407.67,96927201.48,98491843.64,104654365.2,86779266.16,100087349,109585941.6,124021393.7,118223430.1,..
GDP (current US$),NY.GDP.MKTP.CD,Nepal,NPL,3627562403,5494252208,18913574371,18851513891,19271168018,20002968838,21410840909,21185922408,25180583770,29173513476,30641380604,..
GDP (current US$),NY.GDP.MKTP.CD,Netherlands,NLD,3.18E+11,4.16E+11,9.04E+11,8.39E+11,8.77E+11,8.91E+11,7.65E+11,7.84E+11,8.34E+11,9.14E+11,9.07E+11,..
GDP (current US$),NY.GDP.MKTP.CD,New Caledonia,NCL,2529310104,2682347064,..,..,..,..,..,..,..,..,..,..
GDP (current US$),NY.GDP.MKTP.CD,New Zealand,NZL,45495129385,52623281957,1.69E+11,1.76E+11,1.91E+11,2.01E+11,1.77E+11,1.88E+11,2.05E+11,2.08E+11,2.07E+11,..
GDP (current US$),NY.GDP.MKTP.CD,Nicaragua,NIC,1009455484,5107329007,9774262742,10532049077,10982938826,11880434071,12756706583,13286083645,13785909906,13063904770,12520915291,..
GDP (current US$),NY.GDP.MKTP.CD,Niger,NER,3512356353,2236185390,8772951262,9426913349,10224897935,10862944204,9685577941,10355006770,11189541083,12846952857,12911689659,..
GDP (current US$),NY.GDP.MKTP.CD,Nigeria,NGA,54035795388,69448756933,4.05E+11,4.56E+11,5.09E+11,5.47E+11,4.87E+11,4.05E+11,3.76E+11,3.97E+11,4.48E+11,..
GDP (current US$),NY.GDP.MKTP.CD,North Macedonia,MKD,4699646643,3772851420,10494632699,9745251126,10817712139,11362272838,10064515432,10672471861,11307058382,12683073866,12547040499,..
GDP (current US$),NY.GDP.MKTP.CD,Northern Mariana Islands,MNP,..,..,733000000,751000000,782000000,845000000,931000000,1250000000,1601000000,1323000000,..,..
GDP (current US$),NY.GDP.MKTP.CD,Norway,NOR,1.20E+11,1.71E+11,4.98E+11,5.10E+11,5.23E+11,4.98E+11,3.86E+11,3.69E+11,3.98E+11,4.34E+11,4.03E+11,..
GDP (current US$),NY.GDP.MKTP.CD,Oman,OMN,11685045514,19507452508,67872692582,76511059936,78555637365,80686854743,68399663322,65480507171,70598026283,79788768969,76331518669,..
GDP (current US$),NY.GDP.MKTP.CD,Pakistan,PAK,40010423970,82017743416,2.14E+11,2.24E+11,2.31E+11,2.44E+11,2.71E+11,2.79E+11,3.05E+11,3.15E+11,2.78E+11,..
GDP (current US$),NY.GDP.MKTP.CD,Palau,PLW,..,146297500,196911100,212397800,221117200,241669800,280457700,295065400,286106800,280435700,268354919.4,..
GDP (current US$),NY.GDP.MKTP.CD,Panama,PAN,6433967000,12304115000,34686200000,40429700000,45600000000,49921500000,54091700000,57907700000,62219000000,65128200000,66800800000,..
GDP (current US$),NY.GDP.MKTP.CD,Papua New Guinea,PNG,3219730365,3521339699,17984910496,21295659249,21261432775,23210682537,21723531182,20759069105,22742613549,24109509856,24829107011,..
GDP (current US$),NY.GDP.MKTP.CD,Paraguay,PRY,5812114523,8855705140,33715524704,33283228891,38585317743,40276532541,36164068797,36054281572,39008900332,40384691791,38145288940,..
GDP (current US$),NY.GDP.MKTP.CD,Peru,PER,26410386669,51744749133,1.72E+11,1.93E+11,2.01E+11,2.01E+11,1.90E+11,1.92E+11,2.11E+11,2.22E+11,2.27E+11,..
GDP (current US$),NY.GDP.MKTP.CD,Philippines,PHL,44311593756,83670261708,2.34E+11,2.62E+11,2.84E+11,2.97E+11,3.06E+11,3.19E+11,3.28E+11,3.47E+11,3.77E+11,..
GDP (current US$),NY.GDP.MKTP.CD,Poland,POL,65977749037,1.72E+11,5.28E+11,4.99E+11,5.21E+11,5.42E+11,4.78E+11,4.73E+11,5.27E+11,5.87E+11,5.96E+11,..
GDP (current US$),NY.GDP.MKTP.CD,Portugal,PRT,78713860217,1.18E+11,2.45E+11,2.16E+11,2.26E+11,2.30E+11,1.99E+11,2.06E+11,2.21E+11,2.42E+11,2.39E+11,..
GDP (current US$),NY.GDP.MKTP.CD,Puerto Rico,PRI,30603919000,61701800000,1.00E+11,1.02E+11,1.02E+11,1.02E+11,1.03E+11,1.04E+11,1.03E+11,1.01E+11,1.05E+11,..
GDP (current US$),NY.GDP.MKTP.CD,Qatar,QAT,7360439423,17759890110,1.68E+11,1.87E+11,1.99E+11,2.06E+11,1.62E+11,1.52E+11,1.61E+11,1.83E+11,1.76E+11,..
GDP (current US$),NY.GDP.MKTP.CD,Romania,ROU,38995454545,37253259017,1.83E+11,1.71E+11,1.91E+11,2.00E+11,1.78E+11,1.88E+11,2.12E+11,2.41E+11,2.50E+11,..
GDP (current US$),NY.GDP.MKTP.CD,Russian Federation,RUS,5.17E+11,2.60E+11,2.05E+12,2.21E+12,2.29E+12,2.06E+12,1.36E+12,1.28E+12,1.57E+12,1.67E+12,1.70E+12,..
GDP (current US$),NY.GDP.MKTP.CD,Rwanda,RWA,2550185618,2068929592,6884889636,7655138385,7819538349,8246166341,8545441361,8697268916,9253098954,9635951160,10354417725,..
GDP (current US$),NY.GDP.MKTP.CD,Samoa,WSM,125766269.8,269019710.3,737401692.2,760549587.1,770021664,756919917.3,788307330.6,799376439.5,832153612.6,821496064.5,852250191,..
GDP (current US$),NY.GDP.MKTP.CD,San Marino,SMR,..,1005159388,1813752784,1604779648,1678841812,1673973695,1419394771,1468377272,1528630707,1655300873,..,..
GDP (current US$),NY.GDP.MKTP.CD,Sao Tome and Principe,STP,..,..,231488665.2,250680453.1,300553785,346527949.8,316065369.9,345495358.4,375614556.4,412261829.6,418637389,..
GDP (current US$),NY.GDP.MKTP.CD,Saudi Arabia,SAU,1.18E+11,1.90E+11,6.71E+11,7.36E+11,7.47E+11,7.56E+11,6.54E+11,6.45E+11,6.89E+11,7.87E+11,7.93E+11,..
GDP (current US$),NY.GDP.MKTP.CD,Senegal,SEN,7237100724,5924239701,17902207622,17824398469,18965572150,19797254643,17774766636,19040312815,20996564752,23236007428,23578084052,..
GDP (current US$),NY.GDP.MKTP.CD,Serbia,SRB,..,6875845987,49258136129,43309252921,48394239475,47062206678,39655958843,40692643373,44179055280,50640650221,51475016532,..
GDP (current US$),NY.GDP.MKTP.CD,Seychelles,SYC,368584758.9,614879764.8,1065826670,1060226126,1328157609,1343007845,1377495054,1426651769,1524486800,1586009000,1703387387,..
GDP (current US$),NY.GDP.MKTP.CD,Sierra Leone,SLE,649644826.8,635874002.2,2942546781,3801862611,4920343195,5015157816,4218723875,3674794530,3739577973,4085114794,4121733705,..
GDP (current US$),NY.GDP.MKTP.CD,Singapore,SGP,36144336769,96074477958,2.79E+11,2.95E+11,3.08E+11,3.15E+11,3.08E+11,3.19E+11,3.42E+11,3.73E+11,3.72E+11,..
GDP (current US$),NY.GDP.MKTP.CD,Sint Maarten (Dutch part),SXM,..,..,936089385.5,985865921.8,1022905028,1245251397,1253072626,1263687151,1191620112,1185474860,..,..
GDP (current US$),NY.GDP.MKTP.CD,Slovak Republic,SVK,12747380650,29169953013,99122802874,94534730681,98848641555,1.01E+11,88467555244,89655253976,95494424979,1.06E+11,1.05E+11,..
GDP (current US$),NY.GDP.MKTP.CD,Slovenia,SVN,18198199153,20289627637,51516366655,46580457470,48401896808,49930685013,43090173395,44736333522,48586603448,54161636035,54174227309,..
GDP (current US$),NY.GDP.MKTP.CD,Solomon Islands,SLB,208003796.3,429169368.6,1049952233,1190994127,1284698922,1335538893,1307061544,1378551118,1483758907,1593964162,1589913622,..
GDP (current US$),NY.GDP.MKTP.CD,Somalia,SOM,917044228,..,..,..,..,..,..,..,..,..,..,..
GDP (current US$),NY.GDP.MKTP.CD,South Africa,ZAF,1.16E+11,1.36E+11,4.16E+11,3.96E+11,3.67E+11,3.51E+11,3.18E+11,2.96E+11,3.50E+11,3.68E+11,3.51E+11,..
GDP (current US$),NY.GDP.MKTP.CD,South Sudan,SSD,..,..,14907308933,11931472169,18426469017,13962212847,11997800760,..,..,..,..,..
GDP (current US$),NY.GDP.MKTP.CD,Spain,ESP,5.37E+11,5.97E+11,1.48E+12,1.32E+12,1.35E+12,1.37E+12,1.20E+12,1.23E+12,1.31E+12,1.42E+12,1.39E+12,..
GDP (current US$),NY.GDP.MKTP.CD,Sri Lanka,LKA,8032551173,16330814180,65292753005,68434409315,74317806538,79356449841,80604080689,82401038710,87428125558,88425889592,84008783756,..
GDP (current US$),NY.GDP.MKTP.CD,St. Kitts and Nevis,KNA,217259259.3,421473325.2,817759259.3,800414814.8,839774074.1,916566666.7,923155555.6,971166666.7,996944444.4,1010822222,1053244444,..
GDP (current US$),NY.GDP.MKTP.CD,St. Lucia,LCA,579629629.6,932592592.6,1576988407,1605146778,1664816741,1755130815,1808079889,1865375222,1999090407,2065875074,2122450630,..
GDP (current US$),NY.GDP.MKTP.CD,St. Martin (French part),MAF,..,..,..,..,..,..,..,..,..,..,..,..
GDP (current US$),NY.GDP.MKTP.CD,St. Vincent and the Grenadines,VCT,240365262.6,396261370.4,676129629.6,692933333.3,721207407.4,727714814.8,755400000,774429629.6,792177777.8,811300000,824718518.5,..
GDP (current US$),NY.GDP.MKTP.CD,Sudan,SDN,12408647541,12257418326,57060450038,52766746152,57730380600,64941713057,74294508240,51772232495,45021077955,33128480499,30513456085,..
GDP (current US$),NY.GDP.MKTP.CD,Suriname,SUR,388400000,947671969.7,4422276622,4980000000,5145757576,5240606061,4787367928,3128953537,3216207914,3464656616,3697371950,..
GDP (current US$),NY.GDP.MKTP.CD,Sweden,SWE,2.62E+11,2.63E+11,5.74E+11,5.52E+11,5.87E+11,5.82E+11,5.05E+11,5.16E+11,5.41E+11,5.55E+11,5.31E+11,..
GDP (current US$),NY.GDP.MKTP.CD,Switzerland,CHE,2.58E+11,2.72E+11,7.00E+11,6.68E+11,6.89E+11,7.09E+11,6.80E+11,6.71E+11,6.80E+11,7.05E+11,7.03E+11,..
GDP (current US$),NY.GDP.MKTP.CD,Syrian Arab Republic,SYR,12308624284,19325894913,..,..,..,..,..,..,..,..,..,..
GDP (current US$),NY.GDP.MKTP.CD,Tajikistan,TJK,2629395066,860521119.3,6522732203,7633049792,8448469838,9112544556,7854602392,6952678127,7157865188,7522947810,8116626794,..
GDP (current US$),NY.GDP.MKTP.CD,Tanzania,TZA,4258743263,13375976354,34657139495,39650530214,45680532614,49964788814,47378599025,49774021003,53320625959,58001200572,63177068175,..
GDP (current US$),NY.GDP.MKTP.CD,Thailand,THA,85343063966,1.26E+11,3.71E+11,3.98E+11,4.20E+11,4.07E+11,4.01E+11,4.13E+11,4.56E+11,5.07E+11,5.44E+11,..
GDP (current US$),NY.GDP.MKTP.CD,Timor-Leste,TLS,..,367087900,1054725400,1147779600,1395524600,1447311400,1594410800,1650608600,1599338100,1559894900,2017924900,..
GDP (current US$),NY.GDP.MKTP.CD,Togo,TGO,1628427515,1488185772,3872459250,3873308389,4321655656,4574986537,4180866177,4486979198,4819949975,5364369026,5490272413,..
GDP (current US$),NY.GDP.MKTP.CD,Tonga,TON,113563821.6,204849594.9,414523388.5,470714083.4,450643615.2,439878828,437006227.2,420540178.6,460379145,489235527.4,512350059.4,..
GDP (current US$),NY.GDP.MKTP.CD,Trinidad and Tobago,TTO,5068000000,8154338233,25433011405,25763220107,27268478565,27615843098,25062893969,22284780327,22474828527,23808146748,24269714810,..
GDP (current US$),NY.GDP.MKTP.CD,Tunisia,TUN,12290568182,21473188882,45810626509,45044112939,46251061734,47632326088,43173480832,41801210428,39802430355,39770297329,38796687568,..
GDP (current US$),NY.GDP.MKTP.CD,Turkey,TUR,1.51E+11,2.74E+11,8.39E+11,8.81E+11,9.58E+11,9.39E+11,8.64E+11,8.70E+11,8.59E+11,7.78E+11,7.61E+11,..
GDP (current US$),NY.GDP.MKTP.CD,Turkmenistan,TKM,3189539641,2904662605,29233333333,35164210526,39197543860,43524210526,35799714286,36180000000,37926285714,40761142857,..,..
GDP (current US$),NY.GDP.MKTP.CD,Turks and Caicos Islands,TCA,..,..,728789600,727161000,754238000,841070000,942070000,1032452000,1022365000,1113178000,1197415000,..
GDP (current US$),NY.GDP.MKTP.CD,Tuvalu,TUV,8824447.74,13742057.05,38711810.21,37671774.69,37509075.11,37290607.54,35492074.22,36547799.58,40619251.99,42588164.97,47271463.33,..
GDP (current US$),NY.GDP.MKTP.CD,Uganda,UGA,4304398866,6193246837,27752712167,27188666947,28791625559,32472363452,32248116584,29078719934,30756466548,32916147253,35165157017,..
GDP (current US$),NY.GDP.MKTP.CD,Ukraine,UKR,81456918679,31261527363,1.63E+11,1.76E+11,1.83E+11,1.34E+11,91030959455,93355993629,1.12E+11,1.31E+11,1.54E+11,..
GDP (current US$),NY.GDP.MKTP.CD,United Arab Emirates,ARE,50701443748,1.04E+11,3.51E+11,3.75E+11,3.90E+11,4.03E+11,3.58E+11,3.57E+11,3.86E+11,4.22E+11,4.21E+11,..
GDP (current US$),NY.GDP.MKTP.CD,United Kingdom,GBR,1.09E+12,1.66E+12,2.66E+12,2.70E+12,2.79E+12,3.06E+12,2.93E+12,2.69E+12,2.67E+12,2.86E+12,2.83E+12,..
GDP (current US$),NY.GDP.MKTP.CD,United States,USA,5.96E+12,1.03E+13,1.55E+13,1.62E+13,1.68E+13,1.75E+13,1.82E+13,1.87E+13,1.95E+13,2.06E+13,2.14E+13,..
GDP (current US$),NY.GDP.MKTP.CD,Uruguay,URY,9298839655,22823255803,47962439303,51264390114,57531233351,57236013088,53274304222,52687612262,59530088537,59596885024,56045912953,..
GDP (current US$),NY.GDP.MKTP.CD,Uzbekistan,UZB,13360607918,13760513969,56516280748,63628854499,68997168338,76658542757,81847410182,81779012351,59159945321,50392607758,57921286440,..
GDP (current US$),NY.GDP.MKTP.CD,Vanuatu,VUT,168879207.2,272014693.1,792149700.7,781702874.1,801787555.9,814954307,759689950.9,804332795.6,880043553.7,914700508.2,934239973.8,..
GDP (current US$),NY.GDP.MKTP.CD,"Venezuela, RB",VEN,48598315565,1.17E+11,3.16E+11,3.81E+11,3.71E+11,4.82E+11,..,..,..,..,..,..
GDP (current US$),NY.GDP.MKTP.CD,Vietnam,VNM,6471740806,31172518403,1.36E+11,1.56E+11,1.71E+11,1.86E+11,1.93E+11,2.05E+11,2.24E+11,2.45E+11,2.62E+11,..
GDP (current US$),NY.GDP.MKTP.CD,Virgin Islands (U.S.),VIR,..,..,4239000000,4095000000,3762000000,3622000000,3748000000,3863000000,3855000000,..,..,..
GDP (current US$),NY.GDP.MKTP.CD,West Bank and Gaza,PSE,..,4313600000,11186100000,12208400000,13515500000,13989700000,13972400000,15405400000,16128000000,16276600000,..,..
GDP (current US$),NY.GDP.MKTP.CD,"Yemen, Rep.",YEM,5647119229,9652436180,32726417212,35401341663,40415235702,43206469767,42450620876,30935978724,26736139802,23486270352,22581081994,..
GDP (current US$),NY.GDP.MKTP.CD,Zambia,ZMB,3285217391,3600683040,23459515276,25503060420,28045553105,27150728124,21243339048,20954754378,25868165345,26312140829,23309773923,..
GDP (current US$),NY.GDP.MKTP.CD,Zimbabwe,ZWE,8783816700,6689957600,14101920300,17114849900,19091020000,19495519600,19963120600,20548678100,22040902300,24311560500,21440758800,..
GDP (current US$),NY.GDP.MKTP.CD,Arab World,ARB,4.47E+11,7.36E+11,2.49E+12,2.77E+12,2.86E+12,2.89E+12,2.53E+12,2.47E+12,2.52E+12,2.77E+12,2.82E+12,..
GDP (current US$),NY.GDP.MKTP.CD,Caribbean small states,CSS,18011676248,34198261849,69668274256,72051118642,73417589878,74433668499,72828471571,69191343076,71452564226,74967267520,77721714918,..
GDP (current US$),NY.GDP.MKTP.CD,Central Europe and the Baltics,CEB,2.63E+11,4.28E+11,1.45E+12,1.35E+12,1.42E+12,1.46E+12,1.29E+12,1.32E+12,1.46E+12,1.64E+12,1.67E+12,..
GDP (current US$),NY.GDP.MKTP.CD,Early-demographic dividend,EAR,1.82E+12,3.31E+12,9.61E+12,1.01E+13,1.03E+13,1.06E+13,1.03E+13,1.06E+13,1.14E+13,1.16E+13,1.20E+13,..
GDP (current US$),NY.GDP.MKTP.CD,East Asia & Pacific,EAS,4.74E+12,8.30E+12,1.97E+13,2.11E+13,2.13E+13,2.20E+13,2.19E+13,2.27E+13,2.42E+13,2.64E+13,2.70E+13,..
GDP (current US$),NY.GDP.MKTP.CD,East Asia & Pacific (excluding high income),EAP,6.63E+11,1.74E+12,9.62E+12,1.07E+13,1.18E+13,1.28E+13,1.33E+13,1.36E+13,1.48E+13,1.66E+13,1.72E+13,..
GDP (current US$),NY.GDP.MKTP.CD,East Asia & Pacific (IDA & IBRD countries),TEA,6.62E+11,1.73E+12,9.60E+12,1.07E+13,1.18E+13,1.27E+13,1.33E+13,1.35E+13,1.48E+13,1.66E+13,1.72E+13,..
GDP (current US$),NY.GDP.MKTP.CD,Euro area,EMU,5.88E+12,6.48E+12,1.36E+13,1.26E+13,1.32E+13,1.35E+13,1.17E+13,1.20E+13,1.27E+13,1.37E+13,1.34E+13,..
GDP (current US$),NY.GDP.MKTP.CD,Europe & Central Asia,ECS,8.85E+12,1.00E+13,2.33E+13,2.24E+13,2.34E+13,2.37E+13,2.05E+13,2.04E+13,2.16E+13,2.31E+13,2.28E+13,..
GDP (current US$),NY.GDP.MKTP.CD,Europe & Central Asia (excluding high income),ECA,8.94E+11,6.62E+11,3.66E+12,3.90E+12,4.14E+12,3.84E+12,2.92E+12,2.77E+12,3.11E+12,3.19E+12,3.25E+12,..
GDP (current US$),NY.GDP.MKTP.CD,Europe & Central Asia (IDA & IBRD countries),TEC,1.02E+12,8.94E+11,4.43E+12,4.63E+12,4.91E+12,4.64E+12,3.62E+12,3.49E+12,3.91E+12,4.08E+12,4.16E+12,..
GDP (current US$),NY.GDP.MKTP.CD,European Union,EUU,6.50E+12,7.26E+12,1.57E+13,1.46E+13,1.53E+13,1.56E+13,1.35E+13,1.39E+13,1.48E+13,1.60E+13,1.56E+13,..
GDP (current US$),NY.GDP.MKTP.CD,Fragile and conflict affected situations,FCS,2.60E+11,4.12E+11,1.45E+12,1.68E+12,1.76E+12,1.92E+12,1.73E+12,1.55E+12,1.57E+12,1.70E+12,1.78E+12,..
GDP (current US$),NY.GDP.MKTP.CD,Heavily indebted poor countries (HIPC),HPC,1.38E+11,1.69E+11,5.46E+11,5.81E+11,6.48E+11,6.83E+11,6.77E+11,6.70E+11,7.13E+11,7.59E+11,7.83E+11,..
GDP (current US$),NY.GDP.MKTP.CD,High income,HIC,1.90E+13,2.77E+13,4.92E+13,4.93E+13,4.99E+13,5.10E+13,4.82E+13,4.92E+13,5.15E+13,5.47E+13,5.51E+13,..
GDP (current US$),NY.GDP.MKTP.CD,IBRD only,IBD,3.46E+12,5.81E+12,2.36E+13,2.51E+13,2.66E+13,2.75E+13,2.60E+13,2.62E+13,2.89E+13,3.08E+13,3.16E+13,..
GDP (current US$),NY.GDP.MKTP.CD,IDA & IBRD total,IBT,3.80E+12,6.28E+12,2.53E+13,2.69E+13,2.85E+13,2.96E+13,2.80E+13,2.82E+13,3.10E+13,3.30E+13,3.39E+13,..
GDP (current US$),NY.GDP.MKTP.CD,IDA blend,IDB,1.45E+11,2.06E+11,8.04E+11,8.90E+11,9.66E+11,1.04E+12,1.00E+12,9.31E+11,9.23E+11,9.64E+11,9.92E+11,..
GDP (current US$),NY.GDP.MKTP.CD,IDA only,IDX,1.96E+11,2.65E+11,8.54E+11,8.95E+11,9.98E+11,1.07E+12,1.10E+12,1.11E+12,1.19E+12,1.27E+12,1.33E+12,..
GDP (current US$),NY.GDP.MKTP.CD,IDA total,IDA,3.42E+11,4.73E+11,1.66E+12,1.79E+12,1.97E+12,2.11E+12,2.10E+12,2.04E+12,2.11E+12,2.23E+12,2.32E+12,..
GDP (current US$),NY.GDP.MKTP.CD,Late-demographic dividend,LTE,2.03E+12,3.40E+12,1.65E+13,1.76E+13,1.90E+13,1.97E+13,1.85E+13,1.85E+13,2.05E+13,2.25E+13,2.30E+13,..
GDP (current US$),NY.GDP.MKTP.CD,Latin America & Caribbean,LCN,1.18E+12,2.29E+12,6.09E+12,6.15E+12,6.30E+12,6.43E+12,5.53E+12,5.40E+12,6.00E+12,5.82E+12,5.73E+12,..
GDP (current US$),NY.GDP.MKTP.CD,Latin America & Caribbean (excluding high income),LAC,1.08E+12,2.09E+12,5.59E+12,5.63E+12,5.76E+12,5.89E+12,5.01E+12,4.87E+12,5.43E+12,5.23E+12,5.15E+12,..
GDP (current US$),NY.GDP.MKTP.CD,Latin America & the Caribbean (IDA & IBRD countries),TLA,1.11E+12,2.18E+12,5.89E+12,5.94E+12,6.09E+12,6.21E+12,5.30E+12,5.16E+12,5.76E+12,5.58E+12,5.49E+12,..
GDP (current US$),NY.GDP.MKTP.CD,Least developed countries: UN classification,LDC,1.64E+11,2.19E+11,7.79E+11,8.26E+11,9.02E+11,9.74E+11,9.66E+11,9.51E+11,1.03E+12,1.07E+12,1.12E+12,..
GDP (current US$),NY.GDP.MKTP.CD,Low & middle income,LMY,3.65E+12,5.96E+12,2.43E+13,2.59E+13,2.74E+13,2.85E+13,2.71E+13,2.72E+13,2.99E+13,3.18E+13,3.27E+13,..
GDP (current US$),NY.GDP.MKTP.CD,Low income,LIC,1.09E+11,1.34E+11,4.28E+11,4.50E+11,4.93E+11,5.27E+11,5.34E+11,4.89E+11,5.03E+11,5.18E+11,5.42E+11,..
GDP (current US$),NY.GDP.MKTP.CD,Lower middle income,LMC,8.71E+11,1.22E+12,4.42E+12,4.67E+12,4.92E+12,5.23E+12,5.18E+12,5.36E+12,5.77E+12,6.01E+12,6.33E+12,..
GDP (current US$),NY.GDP.MKTP.CD,Middle East & North Africa,MEA,5.51E+11,9.67E+11,3.28E+12,3.58E+12,3.55E+12,3.57E+12,3.14E+12,3.16E+12,3.27E+12,3.57E+12,3.65E+12,..
GDP (current US$),NY.GDP.MKTP.CD,Middle East & North Africa (excluding high income),MNA,..,4.52E+11,1.57E+12,1.73E+12,1.62E+12,1.60E+12,1.44E+12,1.46E+12,1.44E+12,1.52E+12,..,..
GDP (current US$),NY.GDP.MKTP.CD,Middle East & North Africa (IDA & IBRD countries),TMN,..,4.47E+11,1.56E+12,1.72E+12,1.61E+12,1.59E+12,1.43E+12,1.44E+12,1.42E+12,1.50E+12,..,..
GDP (current US$),NY.GDP.MKTP.CD,Middle income,MIC,3.55E+12,5.83E+12,2.38E+13,2.55E+13,2.69E+13,2.80E+13,2.65E+13,2.67E+13,2.94E+13,3.13E+13,3.22E+13,..
GDP (current US$),NY.GDP.MKTP.CD,North America,NAC,6.56E+12,1.10E+13,1.73E+13,1.80E+13,1.86E+13,1.93E+13,1.98E+13,2.03E+13,2.12E+13,2.23E+13,2.32E+13,..
GDP (current US$),NY.GDP.MKTP.CD,Not classified,INX,..,..,..,..,..,..,..,..,..,..,..,..
GDP (current US$),NY.GDP.MKTP.CD,OECD members,OED,1.88E+13,2.75E+13,4.85E+13,4.84E+13,4.91E+13,5.01E+13,4.73E+13,4.82E+13,5.03E+13,5.32E+13,5.37E+13,..
GDP (current US$),NY.GDP.MKTP.CD,Other small states,OSS,54720419608,91292277740,3.97E+11,4.14E+11,4.32E+11,4.47E+11,3.71E+11,3.66E+11,3.99E+11,4.42E+11,4.32E+11,..
GDP (current US$),NY.GDP.MKTP.CD,Pacific island small states,PSS,2343530367,3460016615,7737574651,8223336840,8544448804,9271534114,9049548346,9475857773,10212875641,10667782838,10634784073,..
GDP (current US$),NY.GDP.MKTP.CD,Post-demographic dividend,PST,1.84E+13,2.63E+13,4.57E+13,4.56E+13,4.61E+13,4.70E+13,4.45E+13,4.55E+13,4.75E+13,5.03E+13,5.08E+13,..
GDP (current US$),NY.GDP.MKTP.CD,Pre-demographic dividend,PRE,1.98E+11,2.44E+11,1.18E+12,1.30E+12,1.43E+12,1.51E+12,1.34E+12,1.22E+12,1.27E+12,1.34E+12,1.40E+12,..
GDP (current US$),NY.GDP.MKTP.CD,Small states,SST,74985438895,1.29E+11,4.74E+11,4.95E+11,5.14E+11,5.31E+11,4.53E+11,4.45E+11,4.81E+11,5.28E+11,5.20E+11,..
GDP (current US$),NY.GDP.MKTP.CD,South Asia,SAS,4.07E+11,6.30E+11,2.27E+12,2.30E+12,2.36E+12,2.58E+12,2.70E+12,2.92E+12,3.35E+12,3.45E+12,3.59E+12,..
GDP (current US$),NY.GDP.MKTP.CD,South Asia (IDA & IBRD),TSA,4.07E+11,6.30E+11,2.27E+12,2.30E+12,2.36E+12,2.58E+12,2.70E+12,2.92E+12,3.35E+12,3.45E+12,3.59E+12,..
GDP (current US$),NY.GDP.MKTP.CD,Sub-Saharan Africa,SSF,3.40E+11,4.00E+11,1.55E+12,1.64E+12,1.74E+12,1.81E+12,1.66E+12,1.54E+12,1.64E+12,1.72E+12,1.77E+12,..
GDP (current US$),NY.GDP.MKTP.CD,Sub-Saharan Africa (excluding high income),SSA,3.37E+11,3.95E+11,1.54E+12,1.62E+12,1.73E+12,1.79E+12,1.65E+12,1.53E+12,1.63E+12,1.71E+12,1.75E+12,..
GDP (current US$),NY.GDP.MKTP.CD,Sub-Saharan Africa (IDA & IBRD countries),TSS,3.40E+11,4.00E+11,1.55E+12,1.64E+12,1.74E+12,1.81E+12,1.66E+12,1.54E+12,1.64E+12,1.72E+12,1.77E+12,..
GDP (current US$),NY.GDP.MKTP.CD,Upper middle income,UMC,2.68E+12,4.61E+12,1.94E+13,2.08E+13,2.20E+13,2.27E+13,2.14E+13,2.13E+13,2.36E+13,2.53E+13,2.58E+13,..
GDP (current US$),NY.GDP.MKTP.CD,World,WLD,2.26E+13,3.36E+13,7.35E+13,7.52E+13,7.73E+13,7.95E+13,7.52E+13,7.64E+13,8.13E+13,8.64E+13,8.78E+13,..
,,,,,,,,,,,,,,,
,,,,,,,,,,,,,,,
,,,,,,,,,,,,,,,
Data from database: World Development Indicators,,,,,,,,,,,,,,,
Last Updated: 12/16/2020,,,,,,,,,,,,,,,
