country_name,country_code,year,value
Afghanistan,AFG,2011,17804292964
Albania,ALB,2011,12890765324
Algeria,DZA,2011,200000000000
American Samoa,ASM,2011,574000000
Andorra,AND,2011,3629203786
Angola,AGO,2011,112000000000
Antigua and Barbuda,ATG,2011,1137637037
Argentina,ARG,2011,530000000000
Armenia,ARM,2011,10142111334
Aruba,ABW,2011,2549720670
Australia,AUS,2011,1400000000000
Austria,AUT,2011,431000000000
Azerbaijan,AZE,2011,65951627200
"Bahamas, The",BHS,2011,10070450000
Bahrain,BHR,2011,28776595745
Bangladesh,BGD,2011,129000000000
Barbados,BRB,2011,4657500000
Belarus,BLR,2011,61757788945
Belgium,BEL,2011,523000000000
Belize,BLZ,2011,1460800000
Benin,BEN,2011,10693321954
Bermuda,BMU,2011,6312691000
Bhutan,BTN,2011,1777101317
Bolivia,BOL,2011,23963033431
Bosnia and Herzegovina,BIH,2011,18644723861
Botswana,BWA,2011,15351972361
Brazil,BRA,2011,2620000000000
British Virgin Islands,VGB,2011,NA
Brunei Darussalam,BRN,2011,18525319978
Bulgaria,BGR,2011,57386216850
Burkina Faso,BFA,2011,12080296644
Burundi,BDI,2011,2235820868
Cabo Verde,CPV,2011,1865915544
Cambodia,KHM,2011,12829541141
Cameroon,CMR,2011,29375448542
Canada,CAN,2011,1790000000000
Cayman Islands,CYM,2011,4186223865
Central African Republic,CAF,2011,2437982840
Chad,TCD,2011,12172309523
Channel Islands,CHI,2011,NA
Chile,CHL,2011,252000000000
China,CHN,2011,7550000000000
Colombia,COL,2011,335000000000
Comoros,COM,2011,1023086184
"Congo, Dem. Rep.",COD,2011,25839749199
"Congo, Rep.",COG,2011,15655384440
Costa Rica,CRI,2011,42262697840
Cote d'Ivoire,CIV,2011,25414875503
Croatia,HRV,2011,62537851352
Cuba,CUB,2011,68990000000
Curacao,CUW,2011,3038699609
Cyprus,CYP,2011,27565469098
Czech Republic,CZE,2011,230000000000
Denmark,DNK,2011,344000000000
Djibouti,DJI,2011,1239144502
Dominica,DMA,2011,501025925.9
Dominican Republic,DOM,2011,58029750744
Ecuador,ECU,2011,79276664000
"Egypt, Arab Rep.",EGY,2011,236000000000
El Salvador,SLV,2011,20283790000
Equatorial Guinea,GNQ,2011,21357344847
Eritrea,ERI,2011,2065001626
Estonia,EST,2011,23391530006
Eswatini,SWZ,2011,4820499497
Ethiopia,ETH,2011,31952763089
Faroe Islands,FRO,2011,2490807831
Fiji,FJI,2011,3774530616
Finland,FIN,2011,275000000000
France,FRA,2011,2860000000000
French Polynesia,PYF,2011,NA
Gabon,GAB,2011,18210308748
"Gambia, The",GMB,2011,1409694554
Georgia,GEO,2011,15107441447
Germany,DEU,2011,3740000000000
Ghana,GHA,2011,39337314810
Gibraltar,GIB,2011,NA
Greece,GRC,2011,288000000000
Greenland,GRL,2011,2684467376
Grenada,GRD,2011,778655925.9
Guam,GUM,2011,4928000000
Guatemala,GTM,2011,47654783852
Guinea,GIN,2011,6785137173
Guinea-Bissau,GNB,2011,1099818652
Guyana,GUY,2011,3691384743
Haiti,HTI,2011,13008748132
Honduras,HND,2011,17710315006
"Hong Kong SAR, China",HKG,2011,249000000000
Hungary,HUN,2011,142000000000
Iceland,ISL,2011,15158548263
India,IND,2011,1820000000000
Indonesia,IDN,2011,893000000000
"Iran, Islamic Rep.",IRN,2011,581000000000
Iraq,IRQ,2011,185000000000
Ireland,IRL,2011,237000000000
Isle of Man,IMN,2011,6566098382
Israel,ISR,2011,261000000000
Italy,ITA,2011,2290000000000
Jamaica,JAM,2011,14444655300
Japan,JPN,2011,6160000000000
Jordan,JOR,2011,29524149165
Kazakhstan,KAZ,2011,193000000000
Kenya,KEN,2011,41953433591
Kiribati,KIR,2011,181705002.6
"Korea, Dem. People¡¯s Rep.",PRK,2011,NA
"Korea, Rep.",KOR,2011,1250000000000
Kosovo,XKX,2011,6701698218
Kuwait,KWT,2011,154000000000
Kyrgyz Republic,KGZ,2011,6197766119
Lao PDR,LAO,2011,8749241114
Latvia,LVA,2011,28619991392
Lebanon,LBN,2011,39927125961
Lesotho,LSO,2011,2622336148
Liberia,LBR,2011,2398000000
Libya,LBY,2011,34699395524
Liechtenstein,LIE,2011,5739977477
Lithuania,LTU,2011,43582248870
Luxembourg,LUX,2011,60004630234
"Macao SAR, China",MAC,2011,36709860068
Madagascar,MDG,2011,11551821062
Malawi,MWI,2011,8004000737
Malaysia,MYS,2011,298000000000
Maldives,MDV,2011,2774351760
Mali,MLI,2011,12995074801
Malta,MLT,2011,9638916472
Marshall Islands,MHL,2011,174332100
Mauritania,MRT,2011,6764635687
Mauritius,MUS,2011,11518393367
Mexico,MEX,2011,1180000000000
"Micronesia, Fed. Sts.",FSM,2011,311301600
Moldova,MDA,2011,8414360656
Monaco,MCO,2011,6088808463
Mongolia,MNG,2011,10409797649
Montenegro,MNE,2011,4544575152
Morocco,MAR,2011,101000000000
Mozambique,MOZ,2011,14381552433
Myanmar,MMR,2011,59977326086
Namibia,NAM,2011,12343501808
Nauru,NRU,2011,66055407.67
Nepal,NPL,2011,18913574371
Netherlands,NLD,2011,904000000000
New Caledonia,NCL,2011,NA
New Zealand,NZL,2011,169000000000
Nicaragua,NIC,2011,9774262742
Niger,NER,2011,8772951262
Nigeria,NGA,2011,405000000000
North Macedonia,MKD,2011,10494632699
Northern Mariana Islands,MNP,2011,733000000
Norway,NOR,2011,498000000000
Oman,OMN,2011,67872692582
Pakistan,PAK,2011,214000000000
Palau,PLW,2011,196911100
Panama,PAN,2011,34686200000
Papua New Guinea,PNG,2011,17984910496
Paraguay,PRY,2011,33715524704
Peru,PER,2011,172000000000
Philippines,PHL,2011,234000000000
Poland,POL,2011,528000000000
Portugal,PRT,2011,245000000000
Puerto Rico,PRI,2011,100000000000
Qatar,QAT,2011,168000000000
Romania,ROU,2011,183000000000
Russian Federation,RUS,2011,2050000000000
Rwanda,RWA,2011,6884889636
Samoa,WSM,2011,737401692.2
San Marino,SMR,2011,1813752784
Sao Tome and Principe,STP,2011,231488665.2
Saudi Arabia,SAU,2011,671000000000
Senegal,SEN,2011,17902207622
Serbia,SRB,2011,49258136129
Seychelles,SYC,2011,1065826670
Sierra Leone,SLE,2011,2942546781
Singapore,SGP,2011,279000000000
Sint Maarten (Dutch part),SXM,2011,936089385.5
Slovak Republic,SVK,2011,99122802874
Slovenia,SVN,2011,51516366655
Solomon Islands,SLB,2011,1049952233
Somalia,SOM,2011,NA
South Africa,ZAF,2011,416000000000
South Sudan,SSD,2011,14907308933
Spain,ESP,2011,1480000000000
Sri Lanka,LKA,2011,65292753005
St. Kitts and Nevis,KNA,2011,817759259.3
St. Lucia,LCA,2011,1576988407
St. Martin (French part),MAF,2011,NA
St. Vincent and the Grenadines,VCT,2011,676129629.6
Sudan,SDN,2011,57060450038
Suriname,SUR,2011,4422276622
Sweden,SWE,2011,574000000000
Switzerland,CHE,2011,700000000000
Syrian Arab Republic,SYR,2011,NA
Tajikistan,TJK,2011,6522732203
Tanzania,TZA,2011,34657139495
Thailand,THA,2011,371000000000
Timor-Leste,TLS,2011,1054725400
Togo,TGO,2011,3872459250
Tonga,TON,2011,414523388.5
Trinidad and Tobago,TTO,2011,25433011405
Tunisia,TUN,2011,45810626509
Turkey,TUR,2011,839000000000
Turkmenistan,TKM,2011,29233333333
Turks and Caicos Islands,TCA,2011,728789600
Tuvalu,TUV,2011,38711810.21
Uganda,UGA,2011,27752712167
Ukraine,UKR,2011,163000000000
United Arab Emirates,ARE,2011,351000000000
United Kingdom,GBR,2011,2660000000000
United States,USA,2011,15500000000000
Uruguay,URY,2011,47962439303
Uzbekistan,UZB,2011,56516280748
Vanuatu,VUT,2011,792149700.7
"Venezuela, RB",VEN,2011,316000000000
Vietnam,VNM,2011,136000000000
Virgin Islands (U.S.),VIR,2011,4239000000
West Bank and Gaza,PSE,2011,11186100000
"Yemen, Rep.",YEM,2011,32726417212
Zambia,ZMB,2011,23459515276
Zimbabwe,ZWE,2011,14101920300
Afghanistan,AFG,2012,20001598506
Albania,ALB,2012,12319830252
Algeria,DZA,2012,209000000000
American Samoa,ASM,2012,644000000
Andorra,AND,2012,3188808943
Angola,AGO,2012,128000000000
Antigua and Barbuda,ATG,2012,1199948148
Argentina,ARG,2012,546000000000
Armenia,ARM,2012,10619320049
Aruba,ABW,2012,2534636872
Australia,AUS,2012,1550000000000
Austria,AUT,2012,409000000000
Azerbaijan,AZE,2012,69683935845
"Bahamas, The",BHS,2012,10720500000
Bahrain,BHR,2012,30749308511
Bangladesh,BGD,2012,133000000000
Barbados,BRB,2012,4610000000
Belarus,BLR,2012,65685102555
Belgium,BEL,2012,496000000000
Belize,BLZ,2012,1522900000
Benin,BEN,2012,11141358945
Bermuda,BMU,2012,6378188000
Bhutan,BTN,2012,1781281282
Bolivia,BOL,2012,27084497483
Bosnia and Herzegovina,BIH,2012,17226849297
Botswana,BWA,2012,14380004175
Brazil,BRA,2012,2470000000000
British Virgin Islands,VGB,2012,NA
Brunei Darussalam,BRN,2012,19047940301
Bulgaria,BGR,2012,54033250329
Burkina Faso,BFA,2012,12561016091
Burundi,BDI,2012,2333308099
Cabo Verde,CPV,2012,1741809809
Cambodia,KHM,2012,14054443213
Cameroon,CMR,2012,29102772799
Canada,CAN,2012,1830000000000
Cayman Islands,CYM,2012,4291158968
Central African Republic,CAF,2012,2510126699
Chad,TCD,2012,12367363678
Channel Islands,CHI,2012,NA
Chile,CHL,2012,267000000000
China,CHN,2012,8530000000000
Colombia,COL,2012,371000000000
Comoros,COM,2012,1015843369
"Congo, Dem. Rep.",COD,2012,29306235826
"Congo, Rep.",COG,2012,17692912613
Costa Rica,CRI,2012,46473128286
Cote d'Ivoire,CIV,2012,26789047555
Croatia,HRV,2012,56580819624
Cuba,CUB,2012,73141000000
Curacao,CUW,2012,3131096089
Cyprus,CYP,2012,24978513427
Czech Republic,CZE,2012,209000000000
Denmark,DNK,2012,327000000000
Djibouti,DJI,2012,1353632942
Dominica,DMA,2012,485996296.3
Dominican Republic,DOM,2012,60681537195
Ecuador,ECU,2012,87924544000
"Egypt, Arab Rep.",EGY,2012,279000000000
El Salvador,SLV,2012,21386140000
Equatorial Guinea,GNQ,2012,22388345810
Eritrea,ERI,2012,NA
Estonia,EST,2012,23192708982
Eswatini,SWZ,2012,4886658806
Ethiopia,ETH,2012,43310721414
Faroe Islands,FRO,2012,2366301252
Fiji,FJI,2012,3972012571
Finland,FIN,2012,258000000000
France,FRA,2012,2680000000000
French Polynesia,PYF,2012,NA
Gabon,GAB,2012,17170465294
"Gambia, The",GMB,2012,1415006238
Georgia,GEO,2012,16488403076
Germany,DEU,2012,3530000000000
Ghana,GHA,2012,41270954737
Gibraltar,GIB,2012,NA
Greece,GRC,2012,246000000000
Greenland,GRL,2012,2609667674
Grenada,GRD,2012,799882259.3
Guam,GUM,2012,5199000000
Guatemala,GTM,2012,50388460925
Guinea,GIN,2012,7638045254
Guinea-Bissau,GNB,2012,989271229.6
Guyana,GUY,2012,4063090016
Haiti,HTI,2012,13708931890
Honduras,HND,2012,18528601901
"Hong Kong SAR, China",HKG,2012,263000000000
Hungary,HUN,2012,128000000000
Iceland,ISL,2012,14724078148
India,IND,2012,1830000000000
Indonesia,IDN,2012,918000000000
"Iran, Islamic Rep.",IRN,2012,599000000000
Iraq,IRQ,2012,218000000000
Ireland,IRL,2012,225000000000
Isle of Man,IMN,2012,6690725118
Israel,ISR,2012,257000000000
Italy,ITA,2012,2090000000000
Jamaica,JAM,2012,14807086889
Japan,JPN,2012,6200000000000
Jordan,JOR,2012,31634561670
Kazakhstan,KAZ,2012,208000000000
Kenya,KEN,2012,50412754861
Kiribati,KIR,2012,190243321.6
"Korea, Dem. People¡¯s Rep.",PRK,2012,NA
"Korea, Rep.",KOR,2012,1280000000000
Kosovo,XKX,2012,6499807272
Kuwait,KWT,2012,174000000000
Kyrgyz Republic,KGZ,2012,6605139933
Lao PDR,LAO,2012,10191350120
Latvia,LVA,2012,28330632929
Lebanon,LBN,2012,44035991746
Lesotho,LSO,2012,2526185314
Liberia,LBR,2012,2721000000
Libya,LBY,2012,81873662519
Liechtenstein,LIE,2012,5456009385
Lithuania,LTU,2012,42943442158
Luxembourg,LUX,2012,56677961787
"Macao SAR, China",MAC,2012,43031577366
Madagascar,MDG,2012,11578978053
Malawi,MWI,2012,6028487929
Malaysia,MYS,2012,314000000000
Maldives,MDV,2012,2886170572
Mali,MLI,2012,12441946098
Malta,MLT,2012,9462238257
Marshall Islands,MHL,2012,182874800
Mauritania,MRT,2012,6728208836
Mauritius,MUS,2012,11668685524
Mexico,MEX,2012,1200000000000
"Micronesia, Fed. Sts.",FSM,2012,327248700
Moldova,MDA,2012,8709165249
Monaco,MCO,2012,5743029680
Mongolia,MNG,2012,12292770631
Montenegro,MNE,2012,4087561650
Morocco,MAR,2012,98266306615
Mozambique,MOZ,2012,16350804543
Myanmar,MMR,2012,59937797559
Namibia,NAM,2012,13041886316
Nauru,NRU,2012,96927201.48
Nepal,NPL,2012,18851513891
Netherlands,NLD,2012,839000000000
New Caledonia,NCL,2012,NA
New Zealand,NZL,2012,176000000000
Nicaragua,NIC,2012,10532049077
Niger,NER,2012,9426913349
Nigeria,NGA,2012,456000000000
North Macedonia,MKD,2012,9745251126
Northern Mariana Islands,MNP,2012,751000000
Norway,NOR,2012,510000000000
Oman,OMN,2012,76511059936
Pakistan,PAK,2012,224000000000
Palau,PLW,2012,212397800
Panama,PAN,2012,40429700000
Papua New Guinea,PNG,2012,21295659249
Paraguay,PRY,2012,33283228891
Peru,PER,2012,193000000000
Philippines,PHL,2012,262000000000
Poland,POL,2012,499000000000
Portugal,PRT,2012,216000000000
Puerto Rico,PRI,2012,102000000000
Qatar,QAT,2012,187000000000
Romania,ROU,2012,171000000000
Russian Federation,RUS,2012,2210000000000
Rwanda,RWA,2012,7655138385
Samoa,WSM,2012,760549587.1
San Marino,SMR,2012,1604779648
Sao Tome and Principe,STP,2012,250680453.1
Saudi Arabia,SAU,2012,736000000000
Senegal,SEN,2012,17824398469
Serbia,SRB,2012,43309252921
Seychelles,SYC,2012,1060226126
Sierra Leone,SLE,2012,3801862611
Singapore,SGP,2012,295000000000
Sint Maarten (Dutch part),SXM,2012,985865921.8
Slovak Republic,SVK,2012,94534730681
Slovenia,SVN,2012,46580457470
Solomon Islands,SLB,2012,1190994127
Somalia,SOM,2012,NA
South Africa,ZAF,2012,396000000000
South Sudan,SSD,2012,11931472169
Spain,ESP,2012,1320000000000
Sri Lanka,LKA,2012,68434409315
St. Kitts and Nevis,KNA,2012,800414814.8
St. Lucia,LCA,2012,1605146778
St. Martin (French part),MAF,2012,NA
St. Vincent and the Grenadines,VCT,2012,692933333.3
Sudan,SDN,2012,52766746152
Suriname,SUR,2012,4980000000
Sweden,SWE,2012,552000000000
Switzerland,CHE,2012,668000000000
Syrian Arab Republic,SYR,2012,NA
Tajikistan,TJK,2012,7633049792
Tanzania,TZA,2012,39650530214
Thailand,THA,2012,398000000000
Timor-Leste,TLS,2012,1147779600
Togo,TGO,2012,3873308389
Tonga,TON,2012,470714083.4
Trinidad and Tobago,TTO,2012,25763220107
Tunisia,TUN,2012,45044112939
Turkey,TUR,2012,881000000000
Turkmenistan,TKM,2012,35164210526
Turks and Caicos Islands,TCA,2012,727161000
Tuvalu,TUV,2012,37671774.69
Uganda,UGA,2012,27188666947
Ukraine,UKR,2012,176000000000
United Arab Emirates,ARE,2012,375000000000
United Kingdom,GBR,2012,2700000000000
United States,USA,2012,16200000000000
Uruguay,URY,2012,51264390114
Uzbekistan,UZB,2012,63628854499
Vanuatu,VUT,2012,781702874.1
"Venezuela, RB",VEN,2012,381000000000
Vietnam,VNM,2012,156000000000
Virgin Islands (U.S.),VIR,2012,4095000000
West Bank and Gaza,PSE,2012,12208400000
"Yemen, Rep.",YEM,2012,35401341663
Zambia,ZMB,2012,25503060420
Zimbabwe,ZWE,2012,17114849900
Afghanistan,AFG,2013,20561069558
Albania,ALB,2013,12776217195
Algeria,DZA,2013,210000000000
American Samoa,ASM,2013,641000000
Andorra,AND,2013,3193704343
Angola,AGO,2013,137000000000
Antigua and Barbuda,ATG,2013,1181448148
Argentina,ARG,2013,552000000000
Armenia,ARM,2013,11121465767
Aruba,ABW,2013,2701675978
Australia,AUS,2013,1580000000000
Austria,AUT,2013,430000000000
Azerbaijan,AZE,2013,74164435946
"Bahamas, The",BHS,2013,10568400000
Bahrain,BHR,2013,32539468085
Bangladesh,BGD,2013,150000000000
Barbados,BRB,2013,4677000000
Belarus,BLR,2013,75527984234
Belgium,BEL,2013,522000000000
Belize,BLZ,2013,1579400000
Benin,BEN,2013,12517845732
Bermuda,BMU,2013,6465756000
Bhutan,BTN,2013,1756215665
Bolivia,BOL,2013,30659338880
Bosnia and Herzegovina,BIH,2013,18178503835
Botswana,BWA,2013,14901750991
Brazil,BRA,2013,2470000000000
British Virgin Islands,VGB,2013,NA
Brunei Darussalam,BRN,2013,18093829923
Bulgaria,BGR,2013,55615397666
Burkina Faso,BFA,2013,13444301139
Burundi,BDI,2013,2451625333
Cabo Verde,CPV,2013,1850470042
Cambodia,KHM,2013,15227991395
Cameroon,CMR,2013,32357345501
Canada,CAN,2013,1850000000000
Cayman Islands,CYM,2013,4405954696
Central African Republic,CAF,2013,1691544192
Chad,TCD,2013,12953535496
Channel Islands,CHI,2013,NA
Chile,CHL,2013,278000000000
China,CHN,2013,9570000000000
Colombia,COL,2013,382000000000
Comoros,COM,2013,1116224161
"Congo, Dem. Rep.",COD,2013,32679745298
"Congo, Rep.",COG,2013,17958721572
Costa Rica,CRI,2013,49745088112
Cote d'Ivoire,CIV,2013,31273074528
Croatia,HRV,2013,58194069434
Cuba,CUB,2013,77148000000
Curacao,CUW,2013,3147616201
Cyprus,CYP,2013,23900872626
Czech Republic,CZE,2013,212000000000
Denmark,DNK,2013,344000000000
Djibouti,DJI,2013,2042817163
Dominica,DMA,2013,498296296.3
Dominican Republic,DOM,2013,62682163838
Ecuador,ECU,2013,95129659000
"Egypt, Arab Rep.",EGY,2013,288000000000
El Salvador,SLV,2013,21990970000
Equatorial Guinea,GNQ,2013,21948835350
Eritrea,ERI,2013,NA
Estonia,EST,2013,25271406708
Eswatini,SWZ,2013,4597702903
Ethiopia,ETH,2013,47648211133
Faroe Islands,FRO,2013,2627049837
Fiji,FJI,2013,4190143206
Finland,FIN,2013,271000000000
France,FRA,2013,2810000000000
French Polynesia,PYF,2013,NA
Gabon,GAB,2013,17595745653
"Gambia, The",GMB,2013,1375608956
Georgia,GEO,2013,17189551521
Germany,DEU,2013,3730000000000
Ghana,GHA,2013,62405374786
Gibraltar,GIB,2013,NA
Greece,GRC,2013,240000000000
Greenland,GRL,2013,2684952727
Grenada,GRD,2013,842620111.1
Guam,GUM,2013,5336000000
Guatemala,GTM,2013,52996540576
Guinea,GIN,2013,8376613843
Guinea-Bissau,GNB,2013,1046087418
Guyana,GUY,2013,4167801803
Haiti,HTI,2013,14498080023
Honduras,HND,2013,18499710128
"Hong Kong SAR, China",HKG,2013,276000000000
Hungary,HUN,2013,135000000000
Iceland,ISL,2013,16033517403
India,IND,2013,1860000000000
Indonesia,IDN,2013,913000000000
"Iran, Islamic Rep.",IRN,2013,460000000000
Iraq,IRQ,2013,235000000000
Ireland,IRL,2013,239000000000
Isle of Man,IMN,2013,7000748788
Israel,ISR,2013,293000000000
Italy,ITA,2013,2140000000000
Jamaica,JAM,2013,14262589158
Japan,JPN,2013,5160000000000
Jordan,JOR,2013,34454440181
Kazakhstan,KAZ,2013,237000000000
Kenya,KEN,2013,55096728048
Kiribati,KIR,2013,185113921.6
"Korea, Dem. People¡¯s Rep.",PRK,2013,NA
"Korea, Rep.",KOR,2013,1370000000000
Kosovo,XKX,2013,7074777527
Kuwait,KWT,2013,174000000000
Kyrgyz Republic,KGZ,2013,7335027592
Lao PDR,LAO,2013,11942230508
Latvia,LVA,2013,30432796306
Lebanon,LBN,2013,46909335135
Lesotho,LSO,2013,2421470018
Liberia,LBR,2013,3067000000
Libya,LBY,2013,65502870174
Liechtenstein,LIE,2013,6391735894
Lithuania,LTU,2013,46514471182
Luxembourg,LUX,2013,61739352212
"Macao SAR, China",MAC,2013,51552075902
Madagascar,MDG,2013,12423557907
Malawi,MWI,2013,5518880769
Malaysia,MYS,2013,323000000000
Maldives,MDV,2013,3295011382
Mali,MLI,2013,13242680705
Malta,MLT,2013,10551661220
Marshall Islands,MHL,2013,187707400
Mauritania,MRT,2013,7223063170
Mauritius,MUS,2013,12129642296
Mexico,MEX,2013,1270000000000
"Micronesia, Fed. Sts.",FSM,2013,317214400
Moldova,MDA,2013,9496684701
Monaco,MCO,2013,6555983530
Mongolia,MNG,2013,12582122604
Montenegro,MNE,2013,4464502434
Morocco,MAR,2013,107000000000
Mozambique,MOZ,2013,16974320551
Myanmar,MMR,2013,60269734045
Namibia,NAM,2013,12011207741
Nauru,NRU,2013,98491843.64
Nepal,NPL,2013,19271168018
Netherlands,NLD,2013,877000000000
New Caledonia,NCL,2013,NA
New Zealand,NZL,2013,191000000000
Nicaragua,NIC,2013,10982938826
Niger,NER,2013,10224897935
Nigeria,NGA,2013,509000000000
North Macedonia,MKD,2013,10817712139
Northern Mariana Islands,MNP,2013,782000000
Norway,NOR,2013,523000000000
Oman,OMN,2013,78555637365
Pakistan,PAK,2013,231000000000
Palau,PLW,2013,221117200
Panama,PAN,2013,45600000000
Papua New Guinea,PNG,2013,21261432775
Paraguay,PRY,2013,38585317743
Peru,PER,2013,201000000000
Philippines,PHL,2013,284000000000
Poland,POL,2013,521000000000
Portugal,PRT,2013,226000000000
Puerto Rico,PRI,2013,102000000000
Qatar,QAT,2013,199000000000
Romania,ROU,2013,191000000000
Russian Federation,RUS,2013,2290000000000
Rwanda,RWA,2013,7819538349
Samoa,WSM,2013,770021664
San Marino,SMR,2013,1678841812
Sao Tome and Principe,STP,2013,300553785
Saudi Arabia,SAU,2013,747000000000
Senegal,SEN,2013,18965572150
Serbia,SRB,2013,48394239475
Seychelles,SYC,2013,1328157609
Sierra Leone,SLE,2013,4920343195
Singapore,SGP,2013,308000000000
Sint Maarten (Dutch part),SXM,2013,1022905028
Slovak Republic,SVK,2013,98848641555
Slovenia,SVN,2013,48401896808
Solomon Islands,SLB,2013,1284698922
Somalia,SOM,2013,NA
South Africa,ZAF,2013,367000000000
South Sudan,SSD,2013,18426469017
Spain,ESP,2013,1350000000000
Sri Lanka,LKA,2013,74317806538
St. Kitts and Nevis,KNA,2013,839774074.1
St. Lucia,LCA,2013,1664816741
St. Martin (French part),MAF,2013,NA
St. Vincent and the Grenadines,VCT,2013,721207407.4
Sudan,SDN,2013,57730380600
Suriname,SUR,2013,5145757576
Sweden,SWE,2013,587000000000
Switzerland,CHE,2013,689000000000
Syrian Arab Republic,SYR,2013,NA
Tajikistan,TJK,2013,8448469838
Tanzania,TZA,2013,45680532614
Thailand,THA,2013,420000000000
Timor-Leste,TLS,2013,1395524600
Togo,TGO,2013,4321655656
Tonga,TON,2013,450643615.2
Trinidad and Tobago,TTO,2013,27268478565
Tunisia,TUN,2013,46251061734
Turkey,TUR,2013,958000000000
Turkmenistan,TKM,2013,39197543860
Turks and Caicos Islands,TCA,2013,754238000
Tuvalu,TUV,2013,37509075.11
Uganda,UGA,2013,28791625559
Ukraine,UKR,2013,183000000000
United Arab Emirates,ARE,2013,390000000000
United Kingdom,GBR,2013,2790000000000
United States,USA,2013,16800000000000
Uruguay,URY,2013,57531233351
Uzbekistan,UZB,2013,68997168338
Vanuatu,VUT,2013,801787555.9
"Venezuela, RB",VEN,2013,371000000000
Vietnam,VNM,2013,171000000000
Virgin Islands (U.S.),VIR,2013,3762000000
West Bank and Gaza,PSE,2013,13515500000
"Yemen, Rep.",YEM,2013,40415235702
Zambia,ZMB,2013,28045553105
Zimbabwe,ZWE,2013,19091020000
Afghanistan,AFG,2014,20484885120
Albania,ALB,2014,13228144008
Algeria,DZA,2014,214000000000
American Samoa,ASM,2014,642000000
Andorra,AND,2014,3271808157
Angola,AGO,2014,146000000000
Antigua and Barbuda,ATG,2014,1249733333
Argentina,ARG,2014,526000000000
Armenia,ARM,2014,11609512940
Aruba,ABW,2014,2765363128
Australia,AUS,2014,1470000000000
Austria,AUT,2014,442000000000
Azerbaijan,AZE,2014,75244294275
"Bahamas, The",BHS,2014,11111600000
Bahrain,BHR,2014,33387712766
Bangladesh,BGD,2014,173000000000
Barbados,BRB,2014,4696500000
Belarus,BLR,2014,78813839984
Belgium,BEL,2014,535000000000
Belize,BLZ,2014,1662800000
Benin,BEN,2014,13284528654
Bermuda,BMU,2014,6413988000
Bhutan,BTN,2014,1907090813
Bolivia,BOL,2014,32996188013
Bosnia and Herzegovina,BIH,2014,18558343508
Botswana,BWA,2014,16250781587
Brazil,BRA,2014,2460000000000
British Virgin Islands,VGB,2014,NA
Brunei Darussalam,BRN,2014,17098342541
Bulgaria,BGR,2014,56901994980
Burkina Faso,BFA,2014,13943016924
Burundi,BDI,2014,2705783272
Cabo Verde,CPV,2014,1859898513
Cambodia,KHM,2014,16702610842
Cameroon,CMR,2014,34989493826
Canada,CAN,2014,1800000000000
Cayman Islands,CYM,2014,4563017852
Central African Republic,CAF,2014,1894813505
Chad,TCD,2014,13940768066
Channel Islands,CHI,2014,NA
Chile,CHL,2014,261000000000
China,CHN,2014,10500000000000
Colombia,COL,2014,381000000000
Comoros,COM,2014,1149587652
"Congo, Dem. Rep.",COD,2014,35909040266
"Congo, Rep.",COG,2014,17783526318
Costa Rica,CRI,2014,50577769838
Cote d'Ivoire,CIV,2014,35363533866
Croatia,HRV,2014,57639588806
Cuba,CUB,2014,80656000000
Curacao,CUW,2014,3158406034
Cyprus,CYP,2014,23156850007
Czech Republic,CZE,2014,209000000000
Denmark,DNK,2014,353000000000
Djibouti,DJI,2014,2214681574
Dominica,DMA,2014,520207407.4
Dominican Republic,DOM,2014,67179914026
Ecuador,ECU,2014,102000000000
"Egypt, Arab Rep.",EGY,2014,306000000000
El Salvador,SLV,2014,22593480000
Equatorial Guinea,GNQ,2014,21765454404
Eritrea,ERI,2014,NA
Estonia,EST,2014,26773473625
Eswatini,SWZ,2014,4422304975
Ethiopia,ETH,2014,55612228234
Faroe Islands,FRO,2014,2850743875
Fiji,FJI,2014,4856963252
Finland,FIN,2014,274000000000
France,FRA,2014,2850000000000
French Polynesia,PYF,2014,NA
Gabon,GAB,2014,18203968002
"Gambia, The",GMB,2014,1229460602
Georgia,GEO,2014,17627003455
Germany,DEU,2014,3880000000000
Ghana,GHA,2014,53660342160
Gibraltar,GIB,2014,NA
Greece,GRC,2014,237000000000
Greenland,GRL,2014,2842048998
Grenada,GRD,2014,911497407.4
Guam,GUM,2014,5538000000
Guatemala,GTM,2014,57852399705
Guinea,GIN,2014,8778473615
Guinea-Bissau,GNB,2014,1054915645
Guyana,GUY,2014,4127664336
Haiti,HTI,2014,14790765760
Honduras,HND,2014,19756494435
"Hong Kong SAR, China",HKG,2014,291000000000
Hungary,HUN,2014,141000000000
Iceland,ISL,2014,17758050016
India,IND,2014,2040000000000
Indonesia,IDN,2014,891000000000
"Iran, Islamic Rep.",IRN,2014,433000000000
Iraq,IRQ,2014,235000000000
Ireland,IRL,2014,258000000000
Isle of Man,IMN,2014,7708834951
Israel,ISR,2014,310000000000
Italy,ITA,2014,2160000000000
Jamaica,JAM,2014,13897804560
Japan,JPN,2014,4850000000000
Jordan,JOR,2014,36847643587
Kazakhstan,KAZ,2014,221000000000
Kenya,KEN,2014,61448046802
Kiribati,KIR,2014,179703443.3
"Korea, Dem. People¡¯s Rep.",PRK,2014,NA
"Korea, Rep.",KOR,2014,1480000000000
Kosovo,XKX,2014,7396705195
Kuwait,KWT,2014,163000000000
Kyrgyz Republic,KGZ,2014,7468096567
Lao PDR,LAO,2014,13268458232
Latvia,LVA,2014,31329367173
Lebanon,LBN,2014,48134486625
Lesotho,LSO,2014,2499803984
Liberia,LBR,2014,3144000000
Libya,LBY,2014,41142722414
Liechtenstein,LIE,2014,6657170923
Lithuania,LTU,2014,48574531942
Luxembourg,LUX,2014,66103853237
"Macao SAR, China",MAC,2014,55347998648
Madagascar,MDG,2014,12522959157
Malawi,MWI,2014,6047813437
Malaysia,MYS,2014,338000000000
Maldives,MDV,2014,3697351594
Mali,MLI,2014,14364859446
Malta,MLT,2014,11626281450
Marshall Islands,MHL,2014,184689500
Mauritania,MRT,2014,6592537782
Mauritius,MUS,2014,12803445934
Mexico,MEX,2014,1320000000000
"Micronesia, Fed. Sts.",FSM,2014,319271200
Moldova,MDA,2014,9510219299
Monaco,MCO,2014,7069616049
Mongolia,MNG,2014,12226514722
Montenegro,MNE,2014,4587741791
Morocco,MAR,2014,110000000000
Mozambique,MOZ,2014,17716084108
Myanmar,MMR,2014,65446199788
Namibia,NAM,2014,12356482989
Nauru,NRU,2014,104654365.2
Nepal,NPL,2014,20002968838
Netherlands,NLD,2014,891000000000
New Caledonia,NCL,2014,NA
New Zealand,NZL,2014,201000000000
Nicaragua,NIC,2014,11880434071
Niger,NER,2014,10862944204
Nigeria,NGA,2014,547000000000
North Macedonia,MKD,2014,11362272838
Northern Mariana Islands,MNP,2014,845000000
Norway,NOR,2014,498000000000
Oman,OMN,2014,80686854743
Pakistan,PAK,2014,244000000000
Palau,PLW,2014,241669800
Panama,PAN,2014,49921500000
Papua New Guinea,PNG,2014,23210682537
Paraguay,PRY,2014,40276532541
Peru,PER,2014,201000000000
Philippines,PHL,2014,297000000000
Poland,POL,2014,542000000000
Portugal,PRT,2014,230000000000
Puerto Rico,PRI,2014,102000000000
Qatar,QAT,2014,206000000000
Romania,ROU,2014,200000000000
Russian Federation,RUS,2014,2060000000000
Rwanda,RWA,2014,8246166341
Samoa,WSM,2014,756919917.3
San Marino,SMR,2014,1673973695
Sao Tome and Principe,STP,2014,346527949.8
Saudi Arabia,SAU,2014,756000000000
Senegal,SEN,2014,19797254643
Serbia,SRB,2014,47062206678
Seychelles,SYC,2014,1343007845
Sierra Leone,SLE,2014,5015157816
Singapore,SGP,2014,315000000000
Sint Maarten (Dutch part),SXM,2014,1245251397
Slovak Republic,SVK,2014,101000000000
Slovenia,SVN,2014,49930685013
Solomon Islands,SLB,2014,1335538893
Somalia,SOM,2014,NA
South Africa,ZAF,2014,351000000000
South Sudan,SSD,2014,13962212847
Spain,ESP,2014,1370000000000
Sri Lanka,LKA,2014,79356449841
St. Kitts and Nevis,KNA,2014,916566666.7
St. Lucia,LCA,2014,1755130815
St. Martin (French part),MAF,2014,NA
St. Vincent and the Grenadines,VCT,2014,727714814.8
Sudan,SDN,2014,64941713057
Suriname,SUR,2014,5240606061
Sweden,SWE,2014,582000000000
Switzerland,CHE,2014,709000000000
Syrian Arab Republic,SYR,2014,NA
Tajikistan,TJK,2014,9112544556
Tanzania,TZA,2014,49964788814
Thailand,THA,2014,407000000000
Timor-Leste,TLS,2014,1447311400
Togo,TGO,2014,4574986537
Tonga,TON,2014,439878828
Trinidad and Tobago,TTO,2014,27615843098
Tunisia,TUN,2014,47632326088
Turkey,TUR,2014,939000000000
Turkmenistan,TKM,2014,43524210526
Turks and Caicos Islands,TCA,2014,841070000
Tuvalu,TUV,2014,37290607.54
Uganda,UGA,2014,32472363452
Ukraine,UKR,2014,134000000000
United Arab Emirates,ARE,2014,403000000000
United Kingdom,GBR,2014,3060000000000
United States,USA,2014,17500000000000
Uruguay,URY,2014,57236013088
Uzbekistan,UZB,2014,76658542757
Vanuatu,VUT,2014,814954307
"Venezuela, RB",VEN,2014,482000000000
Vietnam,VNM,2014,186000000000
Virgin Islands (U.S.),VIR,2014,3622000000
West Bank and Gaza,PSE,2014,13989700000
"Yemen, Rep.",YEM,2014,43206469767
Zambia,ZMB,2014,27150728124
Zimbabwe,ZWE,2014,19495519600
Afghanistan,AFG,2015,19907111419
Albania,ALB,2015,11386846319
Algeria,DZA,2015,166000000000
American Samoa,ASM,2015,661000000
Andorra,AND,2015,2789870188
Angola,AGO,2015,116000000000
Antigua and Barbuda,ATG,2015,1336692593
Argentina,ARG,2015,595000000000
Armenia,ARM,2015,10553337673
Aruba,ABW,2015,2919553073
Australia,AUS,2015,1350000000000
Austria,AUT,2015,382000000000
Azerbaijan,AZE,2015,53074370486
"Bahamas, The",BHS,2015,11710800000
Bahrain,BHR,2015,31050638298
Bangladesh,BGD,2015,195000000000
Barbados,BRB,2015,4715000000
Belarus,BLR,2015,56454734397
Belgium,BEL,2015,462000000000
Belize,BLZ,2015,1723800000
Benin,BEN,2015,11388160958
Bermuda,BMU,2015,6654541000
Bhutan,BTN,2015,2003598213
Bolivia,BOL,2015,33000198248
Bosnia and Herzegovina,BIH,2015,16211541820
Botswana,BWA,2015,14420593484
Brazil,BRA,2015,1800000000000
British Virgin Islands,VGB,2015,NA
Brunei Darussalam,BRN,2015,12930394938
Bulgaria,BGR,2015,50647442757
Burkina Faso,BFA,2015,11832159276
Burundi,BDI,2015,3104394858
Cabo Verde,CPV,2015,1596800287
Cambodia,KHM,2015,18049954289
Cameroon,CMR,2015,30928653814
Canada,CAN,2015,1560000000000
Cayman Islands,CYM,2015,4708336756
Central African Republic,CAF,2015,1695825708
Chad,TCD,2015,10950392220
Channel Islands,CHI,2015,NA
Chile,CHL,2015,244000000000
China,CHN,2015,11100000000000
Colombia,COL,2015,293000000000
Comoros,COM,2015,966029542
"Congo, Dem. Rep.",COD,2015,37917704900
"Congo, Rep.",COG,2015,11953249530
Costa Rica,CRI,2015,54775994479
Cote d'Ivoire,CIV,2015,45814637971
Croatia,HRV,2015,49525747504
Cuba,CUB,2015,87133000000
Curacao,CUW,2015,3151910782
Cyprus,CYP,2015,19842404305
Czech Republic,CZE,2015,188000000000
Denmark,DNK,2015,303000000000
Djibouti,DJI,2015,2430287967
Dominica,DMA,2015,540737037
Dominican Republic,DOM,2015,71164825258
Ecuador,ECU,2015,99290381000
"Egypt, Arab Rep.",EGY,2015,329000000000
El Salvador,SLV,2015,23438240000
Equatorial Guinea,GNQ,2015,13185496836
Eritrea,ERI,2015,NA
Estonia,EST,2015,23048864243
Eswatini,SWZ,2015,4062660890
Ethiopia,ETH,2015,64589334979
Faroe Islands,FRO,2015,2518096286
Fiji,FJI,2015,4682546881
Finland,FIN,2015,234000000000
France,FRA,2015,2440000000000
French Polynesia,PYF,2015,NA
Gabon,GAB,2015,14383107714
"Gambia, The",GMB,2015,1378176868
Georgia,GEO,2015,14953950557
Germany,DEU,2015,3360000000000
Ghana,GHA,2015,48564863888
Gibraltar,GIB,2015,NA
Greece,GRC,2015,197000000000
Greenland,GRL,2015,2499115623
Grenada,GRD,2015,997007925.9
Guam,GUM,2015,5710000000
Guatemala,GTM,2015,62186186576
Guinea,GIN,2015,8794202444
Guinea-Bissau,GNB,2015,1048229629
Guyana,GUY,2015,4279840362
Haiti,HTI,2015,14857386164
Honduras,HND,2015,20979767785
"Hong Kong SAR, China",HKG,2015,309000000000
Hungary,HUN,2015,125000000000
Iceland,ISL,2015,17389101639
India,IND,2015,2100000000000
Indonesia,IDN,2015,861000000000
"Iran, Islamic Rep.",IRN,2015,385000000000
Iraq,IRQ,2015,177000000000
Ireland,IRL,2015,292000000000
Isle of Man,IMN,2015,7085288006
Israel,ISR,2015,300000000000
Italy,ITA,2015,1840000000000
Jamaica,JAM,2015,14187696311
Japan,JPN,2015,4390000000000
Jordan,JOR,2015,38587017944
Kazakhstan,KAZ,2015,184000000000
Kenya,KEN,2015,64007750169
Kiribati,KIR,2015,171117872.4
"Korea, Dem. People¡¯s Rep.",PRK,2015,NA
"Korea, Rep.",KOR,2015,1470000000000
Kosovo,XKX,2015,6442915788
Kuwait,KWT,2015,115000000000
Kyrgyz Republic,KGZ,2015,6678178340
Lao PDR,LAO,2015,14390442307
Latvia,LVA,2015,27239653844
Lebanon,LBN,2015,49939374833
Lesotho,LSO,2015,2372280103
Liberia,LBR,2015,3177000000
Libya,LBY,2015,27842131480
Liechtenstein,LIE,2015,6268391521
Lithuania,LTU,2015,41418872976
Luxembourg,LUX,2015,57744457955
"Macao SAR, China",MAC,2015,45361678147
Madagascar,MDG,2015,11323023787
Malawi,MWI,2015,6373212641
Malaysia,MYS,2015,301000000000
Maldives,MDV,2015,4109447297
Mali,MLI,2015,13104802016
Malta,MLT,2015,11091434435
Marshall Islands,MHL,2015,184599600
Mauritania,MRT,2015,6166857629
Mauritius,MUS,2015,11692287066
Mexico,MEX,2015,1170000000000
"Micronesia, Fed. Sts.",FSM,2015,316489900
Moldova,MDA,2015,7745231660
Monaco,MCO,2015,6261622101
Mongolia,MNG,2015,11749620620
Montenegro,MNE,2015,4053097851
Morocco,MAR,2015,101000000000
Mozambique,MOZ,2015,15950969019
Myanmar,MMR,2015,67822772707
Namibia,NAM,2015,11272143473
Nauru,NRU,2015,86779266.16
Nepal,NPL,2015,21410840909
Netherlands,NLD,2015,765000000000
New Caledonia,NCL,2015,NA
New Zealand,NZL,2015,177000000000
Nicaragua,NIC,2015,12756706583
Niger,NER,2015,9685577941
Nigeria,NGA,2015,487000000000
North Macedonia,MKD,2015,10064515432
Northern Mariana Islands,MNP,2015,931000000
Norway,NOR,2015,386000000000
Oman,OMN,2015,68399663322
Pakistan,PAK,2015,271000000000
Palau,PLW,2015,280457700
Panama,PAN,2015,54091700000
Papua New Guinea,PNG,2015,21723531182
Paraguay,PRY,2015,36164068797
Peru,PER,2015,190000000000
Philippines,PHL,2015,306000000000
Poland,POL,2015,478000000000
Portugal,PRT,2015,199000000000
Puerto Rico,PRI,2015,103000000000
Qatar,QAT,2015,162000000000
Romania,ROU,2015,178000000000
Russian Federation,RUS,2015,1360000000000
Rwanda,RWA,2015,8545441361
Samoa,WSM,2015,788307330.6
San Marino,SMR,2015,1419394771
Sao Tome and Principe,STP,2015,316065369.9
Saudi Arabia,SAU,2015,654000000000
Senegal,SEN,2015,17774766636
Serbia,SRB,2015,39655958843
Seychelles,SYC,2015,1377495054
Sierra Leone,SLE,2015,4218723875
Singapore,SGP,2015,308000000000
Sint Maarten (Dutch part),SXM,2015,1253072626
Slovak Republic,SVK,2015,88467555244
Slovenia,SVN,2015,43090173395
Solomon Islands,SLB,2015,1307061544
Somalia,SOM,2015,NA
South Africa,ZAF,2015,318000000000
South Sudan,SSD,2015,11997800760
Spain,ESP,2015,1200000000000
Sri Lanka,LKA,2015,80604080689
St. Kitts and Nevis,KNA,2015,923155555.6
St. Lucia,LCA,2015,1808079889
St. Martin (French part),MAF,2015,NA
St. Vincent and the Grenadines,VCT,2015,755400000
Sudan,SDN,2015,74294508240
Suriname,SUR,2015,4787367928
Sweden,SWE,2015,505000000000
Switzerland,CHE,2015,680000000000
Syrian Arab Republic,SYR,2015,NA
Tajikistan,TJK,2015,7854602392
Tanzania,TZA,2015,47378599025
Thailand,THA,2015,401000000000
Timor-Leste,TLS,2015,1594410800
Togo,TGO,2015,4180866177
Tonga,TON,2015,437006227.2
Trinidad and Tobago,TTO,2015,25062893969
Tunisia,TUN,2015,43173480832
Turkey,TUR,2015,864000000000
Turkmenistan,TKM,2015,35799714286
Turks and Caicos Islands,TCA,2015,942070000
Tuvalu,TUV,2015,35492074.22
Uganda,UGA,2015,32248116584
Ukraine,UKR,2015,91030959455
United Arab Emirates,ARE,2015,358000000000
United Kingdom,GBR,2015,2930000000000
United States,USA,2015,18200000000000
Uruguay,URY,2015,53274304222
Uzbekistan,UZB,2015,81847410182
Vanuatu,VUT,2015,759689950.9
"Venezuela, RB",VEN,2015,NA
Vietnam,VNM,2015,193000000000
Virgin Islands (U.S.),VIR,2015,3748000000
West Bank and Gaza,PSE,2015,13972400000
"Yemen, Rep.",YEM,2015,42450620876
Zambia,ZMB,2015,21243339048
Zimbabwe,ZWE,2015,19963120600
Afghanistan,AFG,2016,18017749074
Albania,ALB,2016,11861200797
Algeria,DZA,2016,160000000000
American Samoa,ASM,2016,652000000
Andorra,AND,2016,2896679212
Angola,AGO,2016,101000000000
Antigua and Barbuda,ATG,2016,1436585185
Argentina,ARG,2016,558000000000
Armenia,ARM,2016,10546135160
Aruba,ABW,2016,2965921788
Australia,AUS,2016,1210000000000
Austria,AUT,2016,396000000000
Azerbaijan,AZE,2016,37867518957
"Bahamas, The",BHS,2016,11928500000
Bahrain,BHR,2016,32234973404
Bangladesh,BGD,2016,221000000000
Barbados,BRB,2016,4830000000
Belarus,BLR,2016,47722657821
Belgium,BEL,2016,476000000000
Belize,BLZ,2016,1775100000
Benin,BEN,2016,11821066153
Bermuda,BMU,2016,6899911000
Bhutan,BTN,2016,2158972129
Bolivia,BOL,2016,33941126200
Bosnia and Herzegovina,BIH,2016,16913330694
Botswana,BWA,2016,15646354089
Brazil,BRA,2016,1800000000000
British Virgin Islands,VGB,2016,NA
Brunei Darussalam,BRN,2016,11400854268
Bulgaria,BGR,2016,53806894796
Burkina Faso,BFA,2016,12833363370
Burundi,BDI,2016,2959640987
Cabo Verde,CPV,2016,1662998678
Cambodia,KHM,2016,20016747754
Cameroon,CMR,2016,32643697596
Canada,CAN,2016,1530000000000
Cayman Islands,CYM,2016,4909498943
Central African Republic,CAF,2016,1825018191
Chad,TCD,2016,10097778354
Channel Islands,CHI,2016,NA
Chile,CHL,2016,250000000000
China,CHN,2016,11200000000000
Colombia,COL,2016,283000000000
Comoros,COM,2016,1012835518
"Congo, Dem. Rep.",COD,2016,37134799975
"Congo, Rep.",COG,2016,10335424288
Costa Rica,CRI,2016,57157992434
Cote d'Ivoire,CIV,2016,47964234560
Croatia,HRV,2016,51601147666
Cuba,CUB,2016,91370000000
Curacao,CUW,2016,3122287933
Cyprus,CYP,2016,20953442550
Czech Republic,CZE,2016,196000000000
Denmark,DNK,2016,313000000000
Djibouti,DJI,2016,2603554907
Dominica,DMA,2016,576229629.6
Dominican Republic,DOM,2016,75704720190
Ecuador,ECU,2016,99937696000
"Egypt, Arab Rep.",EGY,2016,332000000000
El Salvador,SLV,2016,24191440000
Equatorial Guinea,GNQ,2016,11240809132
Eritrea,ERI,2016,NA
Estonia,EST,2016,24259552889
Eswatini,SWZ,2016,3816018485
Ethiopia,ETH,2016,74296618481
Faroe Islands,FRO,2016,2738832687
Fiji,FJI,2016,4930204220
Finland,FIN,2016,241000000000
France,FRA,2016,2470000000000
French Polynesia,PYF,2016,NA
Gabon,GAB,2016,14023890620
"Gambia, The",GMB,2016,1484579844
Georgia,GEO,2016,15141758567
Germany,DEU,2016,3470000000000
Ghana,GHA,2016,55009730600
Gibraltar,GIB,2016,NA
Greece,GRC,2016,195000000000
Greenland,GRL,2016,2707146783
Grenada,GRD,2016,1061631222
Guam,GUM,2016,5795000000
Guatemala,GTM,2016,66053725049
Guinea,GIN,2016,8595955581
Guinea-Bissau,GNB,2016,1179004941
Guyana,GUY,2016,4482697337
Haiti,HTI,2016,13723267961
Honduras,HND,2016,21717622071
"Hong Kong SAR, China",HKG,2016,321000000000
Hungary,HUN,2016,128000000000
Iceland,ISL,2016,20618363252
India,IND,2016,2290000000000
Indonesia,IDN,2016,932000000000
"Iran, Islamic Rep.",IRN,2016,418000000000
Iraq,IRQ,2016,175000000000
Ireland,IRL,2016,301000000000
Isle of Man,IMN,2016,6846691871
Israel,ISR,2016,319000000000
Italy,ITA,2016,1880000000000
Jamaica,JAM,2016,14075894320
Japan,JPN,2016,4920000000000
Jordan,JOR,2016,39892551149
Kazakhstan,KAZ,2016,137000000000
Kenya,KEN,2016,69188755364
Kiribati,KIR,2016,178328873
"Korea, Dem. People¡¯s Rep.",PRK,2016,NA
"Korea, Rep.",KOR,2016,1500000000000
Kosovo,XKX,2016,6719172017
Kuwait,KWT,2016,109000000000
Kyrgyz Republic,KGZ,2016,6813092066
Lao PDR,LAO,2016,15805692546
Latvia,LVA,2016,28052325862
Lebanon,LBN,2016,51205122504
Lesotho,LSO,2016,2165408359
Liberia,LBR,2016,3277826000
Libya,LBY,2016,26197143268
Liechtenstein,LIE,2016,6237264055
Lithuania,LTU,2016,43018087238
Luxembourg,LUX,2016,60691483443
"Macao SAR, China",MAC,2016,45387299721
Madagascar,MDG,2016,11848615018
Malawi,MWI,2016,5433040160
Malaysia,MYS,2016,301000000000
Maldives,MDV,2016,4379115588
Mali,MLI,2016,14025944550
Malta,MLT,2016,11665231192
Marshall Islands,MHL,2016,200558400
Mauritania,MRT,2016,6398744505
Mauritius,MUS,2016,12232463656
Mexico,MEX,2016,1080000000000
"Micronesia, Fed. Sts.",FSM,2016,332265200
Moldova,MDA,2016,8071480541
Monaco,MCO,2016,6472990923
Mongolia,MNG,2016,11186734674
Montenegro,MNE,2016,4373958354
Morocco,MAR,2016,103000000000
Mozambique,MOZ,2016,11936999283
Myanmar,MMR,2016,67184236747
Namibia,NAM,2016,10665634688
Nauru,NRU,2016,100087349
Nepal,NPL,2016,21185922408
Netherlands,NLD,2016,784000000000
New Caledonia,NCL,2016,NA
New Zealand,NZL,2016,188000000000
Nicaragua,NIC,2016,13286083645
Niger,NER,2016,10355006770
Nigeria,NGA,2016,405000000000
North Macedonia,MKD,2016,10672471861
Northern Mariana Islands,MNP,2016,1250000000
Norway,NOR,2016,369000000000
Oman,OMN,2016,65480507171
Pakistan,PAK,2016,279000000000
Palau,PLW,2016,295065400
Panama,PAN,2016,57907700000
Papua New Guinea,PNG,2016,20759069105
Paraguay,PRY,2016,36054281572
Peru,PER,2016,192000000000
Philippines,PHL,2016,319000000000
Poland,POL,2016,473000000000
Portugal,PRT,2016,206000000000
Puerto Rico,PRI,2016,104000000000
Qatar,QAT,2016,152000000000
Romania,ROU,2016,188000000000
Russian Federation,RUS,2016,1280000000000
Rwanda,RWA,2016,8697268916
Samoa,WSM,2016,799376439.5
San Marino,SMR,2016,1468377272
Sao Tome and Principe,STP,2016,345495358.4
Saudi Arabia,SAU,2016,645000000000
Senegal,SEN,2016,19040312815
Serbia,SRB,2016,40692643373
Seychelles,SYC,2016,1426651769
Sierra Leone,SLE,2016,3674794530
Singapore,SGP,2016,319000000000
Sint Maarten (Dutch part),SXM,2016,1263687151
Slovak Republic,SVK,2016,89655253976
Slovenia,SVN,2016,44736333522
Solomon Islands,SLB,2016,1378551118
Somalia,SOM,2016,NA
South Africa,ZAF,2016,296000000000
South Sudan,SSD,2016,NA
Spain,ESP,2016,1230000000000
Sri Lanka,LKA,2016,82401038710
St. Kitts and Nevis,KNA,2016,971166666.7
St. Lucia,LCA,2016,1865375222
St. Martin (French part),MAF,2016,NA
St. Vincent and the Grenadines,VCT,2016,774429629.6
Sudan,SDN,2016,51772232495
Suriname,SUR,2016,3128953537
Sweden,SWE,2016,516000000000
Switzerland,CHE,2016,671000000000
Syrian Arab Republic,SYR,2016,NA
Tajikistan,TJK,2016,6952678127
Tanzania,TZA,2016,49774021003
Thailand,THA,2016,413000000000
Timor-Leste,TLS,2016,1650608600
Togo,TGO,2016,4486979198
Tonga,TON,2016,420540178.6
Trinidad and Tobago,TTO,2016,22284780327
Tunisia,TUN,2016,41801210428
Turkey,TUR,2016,870000000000
Turkmenistan,TKM,2016,36180000000
Turks and Caicos Islands,TCA,2016,1032452000
Tuvalu,TUV,2016,36547799.58
Uganda,UGA,2016,29078719934
Ukraine,UKR,2016,93355993629
United Arab Emirates,ARE,2016,357000000000
United Kingdom,GBR,2016,2690000000000
United States,USA,2016,18700000000000
Uruguay,URY,2016,52687612262
Uzbekistan,UZB,2016,81779012351
Vanuatu,VUT,2016,804332795.6
"Venezuela, RB",VEN,2016,NA
Vietnam,VNM,2016,205000000000
Virgin Islands (U.S.),VIR,2016,3863000000
West Bank and Gaza,PSE,2016,15405400000
"Yemen, Rep.",YEM,2016,30935978724
Zambia,ZMB,2016,20954754378
Zimbabwe,ZWE,2016,20548678100
Afghanistan,AFG,2017,18869945678
Albania,ALB,2017,13019693451
Algeria,DZA,2017,170000000000
American Samoa,ASM,2017,602000000
Andorra,AND,2017,3000180750
Angola,AGO,2017,122000000000
Antigua and Barbuda,ATG,2017,1467977778
Argentina,ARG,2017,644000000000
Armenia,ARM,2017,11527458566
Aruba,ABW,2017,3056424581
Australia,AUS,2017,1330000000000
Austria,AUT,2017,417000000000
Azerbaijan,AZE,2017,40865558912
"Bahamas, The",BHS,2017,12490700000
Bahrain,BHR,2017,35473776596
Bangladesh,BGD,2017,250000000000
Barbados,BRB,2017,4978000000
Belarus,BLR,2017,54726595249
Belgium,BEL,2017,503000000000
Belize,BLZ,2017,1836600000
Benin,BEN,2017,12701656931
Bermuda,BMU,2017,7142316000
Bhutan,BTN,2017,2450364928
Bolivia,BOL,2017,37508642165
Bosnia and Herzegovina,BIH,2017,18080118128
Botswana,BWA,2017,17405588070
Brazil,BRA,2017,2060000000000
British Virgin Islands,VGB,2017,NA
Brunei Darussalam,BRN,2017,12128104859
Bulgaria,BGR,2017,58971520599
Burkina Faso,BFA,2017,14106956830
Burundi,BDI,2017,3172292379
Cabo Verde,CPV,2017,1769787215
Cambodia,KHM,2017,22177200512
Cameroon,CMR,2017,35009262788
Canada,CAN,2017,1650000000000
Cayman Islands,CYM,2017,5153091158
Central African Republic,CAF,2017,2072350151
Chad,TCD,2017,10000395242
Channel Islands,CHI,2017,NA
Chile,CHL,2017,277000000000
China,CHN,2017,12300000000000
Colombia,COL,2017,312000000000
Comoros,COM,2017,1077439663
"Congo, Dem. Rep.",COD,2017,38019265626
"Congo, Rep.",COG,2017,11198674674
Costa Rica,CRI,2017,58481858043
Cote d'Ivoire,CIV,2017,51588158718
Croatia,HRV,2017,55481644098
Cuba,CUB,2017,96851000000
Curacao,CUW,2017,3116610112
Cyprus,CYP,2017,22729184365
Czech Republic,CZE,2017,219000000000
Denmark,DNK,2017,332000000000
Djibouti,DJI,2017,2751461056
Dominica,DMA,2017,519837037
Dominican Republic,DOM,2017,79997975623
Ecuador,ECU,2017,104000000000
"Egypt, Arab Rep.",EGY,2017,236000000000
El Salvador,SLV,2017,24979200000
Equatorial Guinea,GNQ,2017,12200914930
Eritrea,ERI,2017,NA
Estonia,EST,2017,26951648829
Eswatini,SWZ,2017,4402973000
Ethiopia,ETH,2017,81770791971
Faroe Islands,FRO,2017,2905102304
Fiji,FJI,2017,5353404419
Finland,FIN,2017,255000000000
France,FRA,2017,2600000000000
French Polynesia,PYF,2017,NA
Gabon,GAB,2017,14929488771
"Gambia, The",GMB,2017,1504909753
Georgia,GEO,2017,16242916916
Germany,DEU,2017,3680000000000
Ghana,GHA,2017,58998132330
Gibraltar,GIB,2017,NA
Greece,GRC,2017,204000000000
Greenland,GRL,2017,2826651926
Grenada,GRD,2017,1125685185
Guam,GUM,2017,5851000000
Guatemala,GTM,2017,71612352645
Guinea,GIN,2017,10324668267
Guinea-Bissau,GNB,2017,1350177128
Guyana,GUY,2017,4748174334
Haiti,HTI,2017,14213814583
Honduras,HND,2017,23136232230
"Hong Kong SAR, China",HKG,2017,341000000000
Hungary,HUN,2017,143000000000
Iceland,ISL,2017,24488176541
India,IND,2017,2650000000000
Indonesia,IDN,2017,1020000000000
"Iran, Islamic Rep.",IRN,2017,445000000000
Iraq,IRQ,2017,195000000000
Ireland,IRL,2017,336000000000
Isle of Man,IMN,2017,6979581725
Israel,ISR,2017,353000000000
Italy,ITA,2017,1960000000000
Jamaica,JAM,2017,14806340821
Japan,JPN,2017,4870000000000
Jordan,JOR,2017,41408960787
Kazakhstan,KAZ,2017,167000000000
Kenya,KEN,2017,78965004656
Kiribati,KIR,2017,187276210.9
"Korea, Dem. People¡¯s Rep.",PRK,2017,NA
"Korea, Rep.",KOR,2017,1620000000000
Kosovo,XKX,2017,7245707185
Kuwait,KWT,2017,121000000000
Kyrgyz Republic,KGZ,2017,7702934800
Lao PDR,LAO,2017,16853087485
Latvia,LVA,2017,30458763246
Lebanon,LBN,2017,53140638269
Lesotho,LSO,2017,2405289384
Liberia,LBR,2017,3285455000
Libya,LBY,2017,37883243650
Liechtenstein,LIE,2017,6552858739
Lithuania,LTU,2017,47758736932
Luxembourg,LUX,2017,64181944723
"Macao SAR, China",MAC,2017,50751059058
Madagascar,MDG,2017,13176313233
Malawi,MWI,2017,6303292264
Malaysia,MYS,2017,319000000000
Maldives,MDV,2017,4754352301
Mali,MLI,2017,15365627045
Malta,MLT,2017,13146963159
Marshall Islands,MHL,2017,212881000
Mauritania,MRT,2017,6758390729
Mauritius,MUS,2017,13259351418
Mexico,MEX,2017,1160000000000
"Micronesia, Fed. Sts.",FSM,2017,366666800
Moldova,MDA,2017,9669759987
Monaco,MCO,2017,6431314957
Mongolia,MNG,2017,11425755280
Montenegro,MNE,2017,4844606146
Morocco,MAR,2017,110000000000
Mozambique,MOZ,2017,13219084261
Myanmar,MMR,2017,68945867478
Namibia,NAM,2017,12741746524
Nauru,NRU,2017,109585941.6
Nepal,NPL,2017,25180583770
Netherlands,NLD,2017,834000000000
New Caledonia,NCL,2017,NA
New Zealand,NZL,2017,205000000000
Nicaragua,NIC,2017,13785909906
Niger,NER,2017,11189541083
Nigeria,NGA,2017,376000000000
North Macedonia,MKD,2017,11307058382
Northern Mariana Islands,MNP,2017,1601000000
Norway,NOR,2017,398000000000
Oman,OMN,2017,70598026283
Pakistan,PAK,2017,305000000000
Palau,PLW,2017,286106800
Panama,PAN,2017,62219000000
Papua New Guinea,PNG,2017,22742613549
Paraguay,PRY,2017,39008900332
Peru,PER,2017,211000000000
Philippines,PHL,2017,328000000000
Poland,POL,2017,527000000000
Portugal,PRT,2017,221000000000
Puerto Rico,PRI,2017,103000000000
Qatar,QAT,2017,161000000000
Romania,ROU,2017,212000000000
Russian Federation,RUS,2017,1570000000000
Rwanda,RWA,2017,9253098954
Samoa,WSM,2017,832153612.6
San Marino,SMR,2017,1528630707
Sao Tome and Principe,STP,2017,375614556.4
Saudi Arabia,SAU,2017,689000000000
Senegal,SEN,2017,20996564752
Serbia,SRB,2017,44179055280
Seychelles,SYC,2017,1524486800
Sierra Leone,SLE,2017,3739577973
Singapore,SGP,2017,342000000000
Sint Maarten (Dutch part),SXM,2017,1191620112
Slovak Republic,SVK,2017,95494424979
Slovenia,SVN,2017,48586603448
Solomon Islands,SLB,2017,1483758907
Somalia,SOM,2017,NA
South Africa,ZAF,2017,350000000000
South Sudan,SSD,2017,NA
Spain,ESP,2017,1310000000000
Sri Lanka,LKA,2017,87428125558
St. Kitts and Nevis,KNA,2017,996944444.4
St. Lucia,LCA,2017,1999090407
St. Martin (French part),MAF,2017,NA
St. Vincent and the Grenadines,VCT,2017,792177777.8
Sudan,SDN,2017,45021077955
Suriname,SUR,2017,3216207914
Sweden,SWE,2017,541000000000
Switzerland,CHE,2017,680000000000
Syrian Arab Republic,SYR,2017,NA
Tajikistan,TJK,2017,7157865188
Tanzania,TZA,2017,53320625959
Thailand,THA,2017,456000000000
Timor-Leste,TLS,2017,1599338100
Togo,TGO,2017,4819949975
Tonga,TON,2017,460379145
Trinidad and Tobago,TTO,2017,22474828527
Tunisia,TUN,2017,39802430355
Turkey,TUR,2017,859000000000
Turkmenistan,TKM,2017,37926285714
Turks and Caicos Islands,TCA,2017,1022365000
Tuvalu,TUV,2017,40619251.99
Uganda,UGA,2017,30756466548
Ukraine,UKR,2017,112000000000
United Arab Emirates,ARE,2017,386000000000
United Kingdom,GBR,2017,2670000000000
United States,USA,2017,19500000000000
Uruguay,URY,2017,59530088537
Uzbekistan,UZB,2017,59159945321
Vanuatu,VUT,2017,880043553.7
"Venezuela, RB",VEN,2017,NA
Vietnam,VNM,2017,224000000000
Virgin Islands (U.S.),VIR,2017,3855000000
West Bank and Gaza,PSE,2017,16128000000
"Yemen, Rep.",YEM,2017,26736139802
Zambia,ZMB,2017,25868165345
Zimbabwe,ZWE,2017,22040902300
Afghanistan,AFG,2018,18353881130
Albania,ALB,2018,15147020535
Algeria,DZA,2018,175000000000
American Samoa,ASM,2018,636000000
Andorra,AND,2018,3218316013
Angola,AGO,2018,101000000000
Antigua and Barbuda,ATG,2018,1605351852
Argentina,ARG,2018,518000000000
Armenia,ARM,2018,12457941907
Aruba,ABW,2018,NA
Australia,AUS,2018,1430000000000
Austria,AUT,2018,455000000000
Azerbaijan,AZE,2018,47112941176
"Bahamas, The",BHS,2018,13022100000
Bahrain,BHR,2018,37652500000
Bangladesh,BGD,2018,274000000000
Barbados,BRB,2018,5086500000
Belarus,BLR,2018,60031262269
Belgium,BEL,2018,544000000000
Belize,BLZ,2018,1871200000
Benin,BEN,2018,14250985959
Bermuda,BMU,2018,7224329000
Bhutan,BTN,2018,2446866405
Bolivia,BOL,2018,40287647930
Bosnia and Herzegovina,BIH,2018,20183510561
Botswana,BWA,2018,18663265549
Brazil,BRA,2018,1890000000000
British Virgin Islands,VGB,2018,NA
Brunei Darussalam,BRN,2018,13567351175
Bulgaria,BGR,2018,66230155100
Burkina Faso,BFA,2018,16059910871
Burundi,BDI,2018,3036931818
Cabo Verde,CPV,2018,1966983317
Cambodia,KHM,2018,24571753583
Cameroon,CMR,2018,38694156863
Canada,CAN,2018,1720000000000
Cayman Islands,CYM,2018,5517361238
Central African Republic,CAF,2018,2220978978
Chad,TCD,2018,11239167048
Channel Islands,CHI,2018,NA
Chile,CHL,2018,298000000000
China,CHN,2018,13900000000000
Colombia,COL,2018,334000000000
Comoros,COM,2018,1178530758
"Congo, Dem. Rep.",COD,2018,46831342213
"Congo, Rep.",COG,2018,13518403447
Costa Rica,CRI,2018,60553901420
Cote d'Ivoire,CIV,2018,58011466451
Croatia,HRV,2018,61375222347
Cuba,CUB,2018,100000000000
Curacao,CUW,2018,3127908045
Cyprus,CYP,2018,25309818139
Czech Republic,CZE,2018,249000000000
Denmark,DNK,2018,357000000000
Djibouti,DJI,2018,3012820410
Dominica,DMA,2018,551074074.1
Dominican Republic,DOM,2018,85555378044
Ecuador,ECU,2018,108000000000
"Egypt, Arab Rep.",EGY,2018,250000000000
El Salvador,SLV,2018,26117400000
Equatorial Guinea,GNQ,2018,13278488567
Eritrea,ERI,2018,NA
Estonia,EST,2018,30631142227
Eswatini,SWZ,2018,4665424249
Ethiopia,ETH,2018,84269348327
Faroe Islands,FRO,2018,3116887847
Fiji,FJI,2018,5581393121
Finland,FIN,2018,276000000000
France,FRA,2018,2790000000000
French Polynesia,PYF,2018,NA
Gabon,GAB,2018,16862282414
"Gambia, The",GMB,2018,1670670669
Georgia,GEO,2018,17599700091
Germany,DEU,2018,3960000000000
Ghana,GHA,2018,65556464048
Gibraltar,GIB,2018,NA
Greece,GRC,2018,218000000000
Greenland,GRL,2018,3051626390
Grenada,GRD,2018,1168696296
Guam,GUM,2018,5920000000
Guatemala,GTM,2018,73118147941
Guinea,GIN,2018,10907214994
Guinea-Bissau,GNB,2018,1458868242
Guyana,GUY,2018,4787635821
Haiti,HTI,2018,15965670198
Honduras,HND,2018,24024189736
"Hong Kong SAR, China",HKG,2018,362000000000
Hungary,HUN,2018,160000000000
Iceland,ISL,2018,25737594324
India,IND,2018,2710000000000
Indonesia,IDN,2018,1040000000000
"Iran, Islamic Rep.",IRN,2018,454000000000
Iraq,IRQ,2018,224000000000
Ireland,IRL,2018,383000000000
Isle of Man,IMN,2018,7491969313
Israel,ISR,2018,371000000000
Italy,ITA,2018,2090000000000
Jamaica,JAM,2018,15713908816
Japan,JPN,2018,4950000000000
Jordan,JOR,2018,42932112676
Kazakhstan,KAZ,2018,179000000000
Kenya,KEN,2018,87778582964
Kiribati,KIR,2018,196737896
"Korea, Dem. People¡¯s Rep.",PRK,2018,NA
"Korea, Rep.",KOR,2018,1720000000000
Kosovo,XKX,2018,7942961738
Kuwait,KWT,2018,141000000000
Kyrgyz Republic,KGZ,2018,8271108638
Lao PDR,LAO,2018,17953786416
Latvia,LVA,2018,34416012859
Lebanon,LBN,2018,54961275742
Lesotho,LSO,2018,2575892262
Liberia,LBR,2018,3264000000
Libya,LBY,2018,52607888718
Liechtenstein,LIE,2018,6876981286
Lithuania,LTU,2018,53722883091
Luxembourg,LUX,2018,70919958016
"Macao SAR, China",MAC,2018,55084050790
Madagascar,MDG,2018,13853433948
Malawi,MWI,2018,6917301909
Malaysia,MYS,2018,359000000000
Maldives,MDV,2018,5299773145
Mali,MLI,2018,17070758732
Malta,MLT,2018,14750790658
Marshall Islands,MHL,2018,221278000
Mauritania,MRT,2018,7049169771
Mauritius,MUS,2018,14181951059
Mexico,MEX,2018,1220000000000
"Micronesia, Fed. Sts.",FSM,2018,401932300
Moldova,MDA,2018,11456717193
Monaco,MCO,2018,7188238073
Mongolia,MNG,2018,13108769496
Montenegro,MNE,2018,5504255214
Morocco,MAR,2018,118000000000
Mozambique,MOZ,2018,14845870051
Myanmar,MMR,2018,76168043982
Namibia,NAM,2018,13454211344
Nauru,NRU,2018,124021393.7
Nepal,NPL,2018,29173513476
Netherlands,NLD,2018,914000000000
New Caledonia,NCL,2018,NA
New Zealand,NZL,2018,208000000000
Nicaragua,NIC,2018,13063904770
Niger,NER,2018,12846952857
Nigeria,NGA,2018,397000000000
North Macedonia,MKD,2018,12683073866
Northern Mariana Islands,MNP,2018,1323000000
Norway,NOR,2018,434000000000
Oman,OMN,2018,79788768969
Pakistan,PAK,2018,315000000000
Palau,PLW,2018,280435700
Panama,PAN,2018,65128200000
Papua New Guinea,PNG,2018,24109509856
Paraguay,PRY,2018,40384691791
Peru,PER,2018,222000000000
Philippines,PHL,2018,347000000000
Poland,POL,2018,587000000000
Portugal,PRT,2018,242000000000
Puerto Rico,PRI,2018,101000000000
Qatar,QAT,2018,183000000000
Romania,ROU,2018,241000000000
Russian Federation,RUS,2018,1670000000000
Rwanda,RWA,2018,9635951160
Samoa,WSM,2018,821496064.5
San Marino,SMR,2018,1655300873
Sao Tome and Principe,STP,2018,412261829.6
Saudi Arabia,SAU,2018,787000000000
Senegal,SEN,2018,23236007428
Serbia,SRB,2018,50640650221
Seychelles,SYC,2018,1586009000
Sierra Leone,SLE,2018,4085114794
Singapore,SGP,2018,373000000000
Sint Maarten (Dutch part),SXM,2018,1185474860
Slovak Republic,SVK,2018,106000000000
Slovenia,SVN,2018,54161636035
Solomon Islands,SLB,2018,1593964162
Somalia,SOM,2018,NA
South Africa,ZAF,2018,368000000000
South Sudan,SSD,2018,NA
Spain,ESP,2018,1420000000000
Sri Lanka,LKA,2018,88425889592
St. Kitts and Nevis,KNA,2018,1010822222
St. Lucia,LCA,2018,2065875074
St. Martin (French part),MAF,2018,NA
St. Vincent and the Grenadines,VCT,2018,811300000
Sudan,SDN,2018,33128480499
Suriname,SUR,2018,3464656616
Sweden,SWE,2018,555000000000
Switzerland,CHE,2018,705000000000
Syrian Arab Republic,SYR,2018,NA
Tajikistan,TJK,2018,7522947810
Tanzania,TZA,2018,58001200572
Thailand,THA,2018,507000000000
Timor-Leste,TLS,2018,1559894900
Togo,TGO,2018,5364369026
Tonga,TON,2018,489235527.4
Trinidad and Tobago,TTO,2018,23808146748
Tunisia,TUN,2018,39770297329
Turkey,TUR,2018,778000000000
Turkmenistan,TKM,2018,40761142857
Turks and Caicos Islands,TCA,2018,1113178000
Tuvalu,TUV,2018,42588164.97
Uganda,UGA,2018,32916147253
Ukraine,UKR,2018,131000000000
United Arab Emirates,ARE,2018,422000000000
United Kingdom,GBR,2018,2860000000000
United States,USA,2018,20600000000000
Uruguay,URY,2018,59596885024
Uzbekistan,UZB,2018,50392607758
Vanuatu,VUT,2018,914700508.2
"Venezuela, RB",VEN,2018,NA
Vietnam,VNM,2018,245000000000
Virgin Islands (U.S.),VIR,2018,NA
West Bank and Gaza,PSE,2018,16276600000
"Yemen, Rep.",YEM,2018,23486270352
Zambia,ZMB,2018,26312140829
Zimbabwe,ZWE,2018,24311560500
Afghanistan,AFG,2019,19291104008
Albania,ALB,2019,15279183290
Algeria,DZA,2019,171000000000
American Samoa,ASM,2019,NA
Andorra,AND,2019,3154057987
Angola,AGO,2019,88815697793
Antigua and Barbuda,ATG,2019,1661962963
Argentina,ARG,2019,445000000000
Armenia,ARM,2019,13672802158
Aruba,ABW,2019,NA
Australia,AUS,2019,1400000000000
Austria,AUT,2019,445000000000
Azerbaijan,AZE,2019,48047647059
"Bahamas, The",BHS,2019,13578800000
Bahrain,BHR,2019,38574069149
Bangladesh,BGD,2019,303000000000
Barbados,BRB,2019,5209000000
Belarus,BLR,2019,63080457023
Belgium,BEL,2019,533000000000
Belize,BLZ,2019,1879613600
Benin,BEN,2019,14390709095
Bermuda,BMU,2019,7484113000
Bhutan,BTN,2019,2530547158
Bolivia,BOL,2019,40895322844
Bosnia and Herzegovina,BIH,2019,20164193807
Botswana,BWA,2019,18340480936
Brazil,BRA,2019,1840000000000
British Virgin Islands,VGB,2019,NA
Brunei Darussalam,BRN,2019,13469422959
Bulgaria,BGR,2019,68558815112
Burkina Faso,BFA,2019,15990803570
Burundi,BDI,2019,3012334882
Cabo Verde,CPV,2019,1981845740
Cambodia,KHM,2019,27089389787
Cameroon,CMR,2019,39007354359
Canada,CAN,2019,1740000000000
Cayman Islands,CYM,2019,NA
Central African Republic,CAF,2019,2220307369
Chad,TCD,2019,11314951343
Channel Islands,CHI,2019,NA
Chile,CHL,2019,282000000000
China,CHN,2019,14300000000000
Colombia,COL,2019,324000000000
Comoros,COM,2019,1165839927
"Congo, Dem. Rep.",COD,2019,50400746171
"Congo, Rep.",COG,2019,12267392147
Costa Rica,CRI,2019,61801385049
Cote d'Ivoire,CIV,2019,58539424930
Croatia,HRV,2019,60752588976
Cuba,CUB,2019,NA
Curacao,CUW,2019,3101787709
Cyprus,CYP,2019,24948935408
Czech Republic,CZE,2019,251000000000
Denmark,DNK,2019,350000000000
Djibouti,DJI,2019,3324634256
Dominica,DMA,2019,582403703.7
Dominican Republic,DOM,2019,88941299734
Ecuador,ECU,2019,107000000000
"Egypt, Arab Rep.",EGY,2019,303000000000
El Salvador,SLV,2019,27022640000
Equatorial Guinea,GNQ,2019,11026774945
Eritrea,ERI,2019,NA
Estonia,EST,2019,31471100656
Eswatini,SWZ,2019,4471598727
Ethiopia,ETH,2019,95912590628
Faroe Islands,FRO,2019,NA
Fiji,FJI,2019,5496250694
Finland,FIN,2019,269000000000
France,FRA,2019,2720000000000
French Polynesia,PYF,2019,NA
Gabon,GAB,2019,16874450215
"Gambia, The",GMB,2019,1826073740
Georgia,GEO,2019,17477255546
Germany,DEU,2019,3860000000000
Ghana,GHA,2019,66983634224
Gibraltar,GIB,2019,NA
Greece,GRC,2019,210000000000
Greenland,GRL,2019,NA
Grenada,GRD,2019,1210603704
Guam,GUM,2019,NA
Guatemala,GTM,2019,76710355347
Guinea,GIN,2019,12296665331
Guinea-Bissau,GNB,2019,1339449165
Guyana,GUY,2019,5173759528
Haiti,HTI,2019,14332163266
Honduras,HND,2019,25095395475
"Hong Kong SAR, China",HKG,2019,366000000000
Hungary,HUN,2019,163000000000
Iceland,ISL,2019,24188038474
India,IND,2019,2870000000000
Indonesia,IDN,2019,1120000000000
"Iran, Islamic Rep.",IRN,2019,NA
Iraq,IRQ,2019,234000000000
Ireland,IRL,2019,389000000000
Isle of Man,IMN,2019,NA
Israel,ISR,2019,395000000000
Italy,ITA,2019,2000000000000
Jamaica,JAM,2019,16458071068
Japan,JPN,2019,5080000000000
Jordan,JOR,2019,44502895862
Kazakhstan,KAZ,2019,182000000000
Kenya,KEN,2019,95503088538
Kiribati,KIR,2019,194647201.9
"Korea, Dem. People¡¯s Rep.",PRK,2019,NA
"Korea, Rep.",KOR,2019,1650000000000
Kosovo,XKX,2019,7926133714
Kuwait,KWT,2019,135000000000
Kyrgyz Republic,KGZ,2019,8454619608
Lao PDR,LAO,2019,18173839147
Latvia,LVA,2019,34102913582
Lebanon,LBN,2019,51991634492
Lesotho,LSO,2019,2376328637
Liberia,LBR,2019,3070518100
Libya,LBY,2019,52091152228
Liechtenstein,LIE,2019,NA
Lithuania,LTU,2019,54627411860
Luxembourg,LUX,2019,71104919108
"Macao SAR, China",MAC,2019,53859116536
Madagascar,MDG,2019,14114631281
Malawi,MWI,2019,7666704427
Malaysia,MYS,2019,365000000000
Maldives,MDV,2019,5642179170
Mali,MLI,2019,17279566719
Malta,MLT,2019,14989415684
Marshall Islands,MHL,2019,NA
Mauritania,MRT,2019,7600656944
Mauritius,MUS,2019,14048430519
Mexico,MEX,2019,1270000000000
"Micronesia, Fed. Sts.",FSM,2019,NA
Moldova,MDA,2019,11968713370
Monaco,MCO,2019,NA
Mongolia,MNG,2019,13996719329
Montenegro,MNE,2019,5542577965
Morocco,MAR,2019,120000000000
Mozambique,MOZ,2019,15291448212
Myanmar,MMR,2019,76085852617
Namibia,NAM,2019,12366528259
Nauru,NRU,2019,118223430.1
Nepal,NPL,2019,30641380604
Netherlands,NLD,2019,907000000000
New Caledonia,NCL,2019,NA
New Zealand,NZL,2019,207000000000
Nicaragua,NIC,2019,12520915291
Niger,NER,2019,12911689659
Nigeria,NGA,2019,448000000000
North Macedonia,MKD,2019,12547040499
Northern Mariana Islands,MNP,2019,NA
Norway,NOR,2019,403000000000
Oman,OMN,2019,76331518669
Pakistan,PAK,2019,278000000000
Palau,PLW,2019,268354919.4
Panama,PAN,2019,66800800000
Papua New Guinea,PNG,2019,24829107011
Paraguay,PRY,2019,38145288940
Peru,PER,2019,227000000000
Philippines,PHL,2019,377000000000
Poland,POL,2019,596000000000
Portugal,PRT,2019,239000000000
Puerto Rico,PRI,2019,105000000000
Qatar,QAT,2019,176000000000
Romania,ROU,2019,250000000000
Russian Federation,RUS,2019,1700000000000
Rwanda,RWA,2019,10354417725
Samoa,WSM,2019,852250191
San Marino,SMR,2019,NA
Sao Tome and Principe,STP,2019,418637389
Saudi Arabia,SAU,2019,793000000000
Senegal,SEN,2019,23578084052
Serbia,SRB,2019,51475016532
Seychelles,SYC,2019,1703387387
Sierra Leone,SLE,2019,4121733705
Singapore,SGP,2019,372000000000
Sint Maarten (Dutch part),SXM,2019,NA
Slovak Republic,SVK,2019,105000000000
Slovenia,SVN,2019,54174227309
Solomon Islands,SLB,2019,1589913622
Somalia,SOM,2019,NA
South Africa,ZAF,2019,351000000000
South Sudan,SSD,2019,NA
Spain,ESP,2019,1390000000000
Sri Lanka,LKA,2019,84008783756
St. Kitts and Nevis,KNA,2019,1053244444
St. Lucia,LCA,2019,2122450630
St. Martin (French part),MAF,2019,NA
St. Vincent and the Grenadines,VCT,2019,824718518.5
Sudan,SDN,2019,30513456085
Suriname,SUR,2019,3697371950
Sweden,SWE,2019,531000000000
Switzerland,CHE,2019,703000000000
Syrian Arab Republic,SYR,2019,NA
Tajikistan,TJK,2019,8116626794
Tanzania,TZA,2019,63177068175
Thailand,THA,2019,544000000000
Timor-Leste,TLS,2019,2017924900
Togo,TGO,2019,5490272413
Tonga,TON,2019,512350059.4
Trinidad and Tobago,TTO,2019,24269714810
Tunisia,TUN,2019,38796687568
Turkey,TUR,2019,761000000000
Turkmenistan,TKM,2019,NA
Turks and Caicos Islands,TCA,2019,1197415000
Tuvalu,TUV,2019,47271463.33
Uganda,UGA,2019,35165157017
Ukraine,UKR,2019,154000000000
United Arab Emirates,ARE,2019,421000000000
United Kingdom,GBR,2019,2830000000000
United States,USA,2019,21400000000000
Uruguay,URY,2019,56045912953
Uzbekistan,UZB,2019,57921286440
Vanuatu,VUT,2019,934239973.8
"Venezuela, RB",VEN,2019,NA
Vietnam,VNM,2019,262000000000
Virgin Islands (U.S.),VIR,2019,NA
West Bank and Gaza,PSE,2019,NA
"Yemen, Rep.",YEM,2019,22581081994
Zambia,ZMB,2019,23309773923
Zimbabwe,ZWE,2019,21440758800
